,GROUP,PACKAGE,CLASS,INSTRUCTION_MISSED,INSTRUCTION_COVERED,BRANCH_MISSED,BRANCH_COVERED,LINE_MISSED,LINE_COVERED,COMPLEXITY_MISSED,COMPLEXITY_COVERED,METHOD_MISSED,METHOD_COVERED
0,Apache DeltaSpike JSF-Module Impl (EE6 only),org.apache.deltaspike.jsf.impl.component.window,DisableClientWindowComponent,3,0,0,0,1,0,1,0,1,0
1,Apache DeltaSpike JSF-Module Impl (EE6 only),org.apache.deltaspike.jsf.impl.component.window,WindowIdComponent,3,0,0,0,1,0,1,0,1,0
2,Apache DeltaSpike JSF-Module Impl (EE6 only),org.apache.deltaspike.jsf.impl.component.window,DisableClientWindowHtmlRenderer,83,0,16,0,26,0,13,0,5,0
3,Apache DeltaSpike JSF-Module Impl (EE6 only),org.apache.deltaspike.jsf.impl.component.window,WindowIdHtmlRenderer,199,0,18,0,44,0,13,0,4,0
4,Apache DeltaSpike JSF-Module Impl (EE6 only),org.apache.deltaspike.jsf.impl.injection.proxy,ConverterAndValidatorProxyExtension,251,0,42,0,56,0,31,0,10,0
5,Apache DeltaSpike JSF-Module Impl (EE6 only),org.apache.deltaspike.jsf.impl.injection.proxy,ConverterInvocationHandler,14,0,0,0,3,0,2,0,2,0
6,Apache DeltaSpike JSF-Module Impl (EE6 only),org.apache.deltaspike.jsf.impl.injection.proxy,ValidatorInvocationHandler,14,0,0,0,3,0,2,0,2,0
7,Apache DeltaSpike JSF-Module Impl (EE6 only),org.apache.deltaspike.jsf.impl.injection.proxy,DefaultPartialStateHolder,24,0,0,0,11,0,8,0,8,0
8,Apache DeltaSpike JSF-Module Impl (EE6 only),org.apache.deltaspike.jsf.impl.injection.proxy,ConverterAndValidatorProxyFactory,69,0,6,0,18,0,9,0,6,0
9,Apache DeltaSpike JSF-Module Impl (EE6 only),org.apache.deltaspike.jsf.impl.listener.action,DeltaSpikeActionListener,30,0,2,0,9,0,4,0,3,0
10,Apache DeltaSpike JSF-Module Impl (EE6 only),org.apache.deltaspike.jsf.impl.component.token,PostRequestTokenComponent,32,0,4,0,7,0,4,0,2,0
11,Apache DeltaSpike JSF-Module Impl (EE6 only),org.apache.deltaspike.jsf.impl.component.token,RequestTokenHtmlRenderer,67,0,6,0,18,0,6,0,3,0
12,Apache DeltaSpike JSF-Module Impl (EE6 only),org.apache.deltaspike.jsf.impl.exception.control,BridgeExceptionHandlerWrapper,164,0,28,0,51,0,20,0,6,0
13,Apache DeltaSpike JSF-Module Impl (EE6 only),org.apache.deltaspike.jsf.impl.config.view,ViewConfigExtension,754,0,88,0,180,0,68,0,24,0
14,Apache DeltaSpike JSF-Module Impl (EE6 only),org.apache.deltaspike.jsf.impl.config.view,DefaultFolderConfigDescriptor,12,0,0,0,4,0,2,0,2,0
15,Apache DeltaSpike JSF-Module Impl (EE6 only),org.apache.deltaspike.jsf.impl.config.view,ViewConfigResolverProducer,59,0,6,0,16,0,8,0,5,0
16,Apache DeltaSpike JSF-Module Impl (EE6 only),org.apache.deltaspike.jsf.impl.config.view,ViewConfigExtension.new ViewConfigExtension.VetoCallback() {...},7,0,0,0,2,0,2,0,2,0
17,Apache DeltaSpike JSF-Module Impl (EE6 only),org.apache.deltaspike.jsf.impl.config.view,ViewConfigExtension.new ViewConfigExtension.VetoCallback() {...},13,0,0,0,3,0,2,0,2,0
18,Apache DeltaSpike JSF-Module Impl (EE6 only),org.apache.deltaspike.jsf.impl.config.view,DefaultViewConfigResolver,483,0,50,0,106,0,35,0,10,0
19,Apache DeltaSpike JSF-Module Impl (EE6 only),org.apache.deltaspike.jsf.impl.config.view,ViewControllerActionListener,32,0,2,0,10,0,3,0,2,0
20,Apache DeltaSpike JSF-Module Impl (EE6 only),org.apache.deltaspike.jsf.impl.config.view,PageViewConfigNode,11,0,0,0,4,0,2,0,2,0
21,Apache DeltaSpike JSF-Module Impl (EE6 only),org.apache.deltaspike.jsf.impl.config.view,DefaultConfigNodeConverter,583,0,78,0,132,0,50,0,11,0
22,Apache DeltaSpike JSF-Module Impl (EE6 only),org.apache.deltaspike.jsf.impl.config.view,DefaultErrorViewAwareExceptionHandlerWrapper,153,0,28,0,48,0,20,0,6,0
23,Apache DeltaSpike JSF-Module Impl (EE6 only),org.apache.deltaspike.jsf.impl.config.view,AbstractConfigNode,73,0,4,0,20,0,10,0,8,0
24,Apache DeltaSpike JSF-Module Impl (EE6 only),org.apache.deltaspike.jsf.impl.config.view,DefaultViewConfigInheritanceStrategy,320,0,54,0,72,0,35,0,8,0
25,Apache DeltaSpike JSF-Module Impl (EE6 only),org.apache.deltaspike.jsf.impl.config.view,DefaultViewPathConfigDescriptor,15,0,0,0,5,0,3,0,3,0
26,Apache DeltaSpike JSF-Module Impl (EE6 only),org.apache.deltaspike.jsf.impl.config.view,FolderConfigNode,65,0,4,0,14,0,5,0,3,0
27,Apache DeltaSpike JSF-Module Impl (EE6 only),org.apache.deltaspike.jsf.impl.config.view,AbstractPathConfigDescriptor,138,0,20,0,31,0,20,0,10,0
28,Apache DeltaSpike JSF-Module Impl (EE6 only),org.apache.deltaspike.jsf.impl.config.view,ViewConfigPathValidator,175,0,16,0,42,0,15,0,7,0
29,Apache DeltaSpike JSF-Module Impl (EE6 only),org.apache.deltaspike.jsf.impl.view,DeltaSpikeViewHandler,80,0,8,0,22,0,11,0,7,0
30,Apache DeltaSpike JSF-Module Impl (EE6 only),org.apache.deltaspike.jsf.impl.util,JsfUtils,605,0,92,0,122,0,64,0,18,0
31,Apache DeltaSpike JSF-Module Impl (EE6 only),org.apache.deltaspike.jsf.impl.util,RequestParameter,19,0,0,0,7,0,4,0,4,0
32,Apache DeltaSpike JSF-Module Impl (EE6 only),org.apache.deltaspike.jsf.impl.util,ClientWindowHelper.RequestParameters,6,0,0,0,1,0,1,0,1,0
33,Apache DeltaSpike JSF-Module Impl (EE6 only),org.apache.deltaspike.jsf.impl.util,ClientWindowHelper,229,0,20,0,49,0,20,0,10,0
34,Apache DeltaSpike JSF-Module Impl (EE6 only),org.apache.deltaspike.jsf.impl.util,ViewControllerUtils,19,0,4,0,7,0,4,0,2,0
35,Apache DeltaSpike JSF-Module Impl (EE6 only),org.apache.deltaspike.jsf.impl.util,ClientWindowHelper.Cookies,6,0,0,0,1,0,1,0,1,0
36,Apache DeltaSpike JSF-Module Impl (EE6 only),org.apache.deltaspike.jsf.impl.util,SecurityUtils,292,0,56,0,86,0,38,0,10,0
37,Apache DeltaSpike JSF-Module Impl (EE6 only),org.apache.deltaspike.jsf.impl.util,SharedStringBuilder,31,0,2,0,8,0,4,0,3,0
38,Apache DeltaSpike JSF-Module Impl (EE6 only),org.apache.deltaspike.jsf.impl.util,ViewConfigUtils,41,0,12,0,11,0,9,0,3,0
39,Apache DeltaSpike JSF-Module Impl (EE6 only),org.apache.deltaspike.jsf.impl.scope.mapped,Jsf2BeanWrapper,99,0,4,0,21,0,12,0,10,0
40,Apache DeltaSpike JSF-Module Impl (EE6 only),org.apache.deltaspike.jsf.impl.scope.mapped,MappedJsf2ScopeExtension,142,0,14,0,34,0,14,0,7,0
41,Apache DeltaSpike JSF-Module Impl (EE6 only),org.apache.deltaspike.jsf.impl.injection,RequestDependentBeanStorage,3,0,0,0,1,0,1,0,1,0
42,Apache DeltaSpike JSF-Module Impl (EE6 only),org.apache.deltaspike.jsf.impl.injection,ManagedArtifactResolver,76,0,10,0,16,0,8,0,3,0
43,Apache DeltaSpike JSF-Module Impl (EE6 only),org.apache.deltaspike.jsf.impl.injection,InjectionAwareApplicationWrapper,153,0,30,0,41,0,25,0,10,0
44,Apache DeltaSpike JSF-Module Impl (EE6 only),org.apache.deltaspike.jsf.impl.injection,DependentBeanEntry,21,0,0,0,8,0,4,0,4,0
45,Apache DeltaSpike JSF-Module Impl (EE6 only),org.apache.deltaspike.jsf.impl.injection,AbstractBeanStorage,50,0,2,0,13,0,5,0,4,0
46,Apache DeltaSpike JSF-Module Impl (EE6 only),org.apache.deltaspike.jsf.impl.injection,AbstractContextualReferenceWrapper,183,0,30,0,45,0,25,0,10,0
47,Apache DeltaSpike JSF-Module Impl (EE6 only),org.apache.deltaspike.jsf.impl.injection,ValidatorWrapper,31,0,2,0,10,0,5,0,4,0
48,Apache DeltaSpike JSF-Module Impl (EE6 only),org.apache.deltaspike.jsf.impl.injection,ConverterWrapper,50,0,4,0,12,0,7,0,5,0
49,Apache DeltaSpike JSF-Module Impl (EE6 only),org.apache.deltaspike.jsf.impl.token,PostRequestTokenManager,41,0,2,0,14,0,6,0,5,0
50,Apache DeltaSpike JSF-Module Impl (EE6 only),org.apache.deltaspike.jsf.impl.token,DoubleSubmitAwarePhaseListener,76,0,16,0,20,0,13,0,5,0
51,Apache DeltaSpike JSF-Module Impl (EE6 only),org.apache.deltaspike.jsf.impl.listener.system,JsfSystemEventBroadcaster,26,0,2,0,10,0,4,0,3,0
52,Apache DeltaSpike JSF-Module Impl (EE6 only),org.apache.deltaspike.jsf.impl.security,SecurityAwareViewHandler,228,0,34,0,64,0,25,0,8,0
53,Apache DeltaSpike JSF-Module Impl (EE6 only),org.apache.deltaspike.jsf.impl.security,ViewRootAccessHandler,130,0,18,0,32,0,13,0,4,0
54,Apache DeltaSpike JSF-Module Impl (EE6 only),org.apache.deltaspike.jsf.impl.security,AccessDeniedExceptionBroadcaster,20,0,0,0,7,0,2,0,2,0
55,Apache DeltaSpike JSF-Module Impl (EE6 only),org.apache.deltaspike.jsf.impl.navigation,DeltaSpikeNavigationHandlerWrapper,33,0,0,0,9,0,5,0,5,0
56,Apache DeltaSpike JSF-Module Impl (EE6 only),org.apache.deltaspike.jsf.impl.navigation,DeltaSpikeNavigationHandler,231,0,42,0,55,0,27,0,6,0
57,Apache DeltaSpike JSF-Module Impl (EE6 only),org.apache.deltaspike.jsf.impl.navigation,NavigationHandlerAwareApplication,98,0,14,0,35,0,13,0,6,0
58,Apache DeltaSpike JSF-Module Impl (EE6 only),org.apache.deltaspike.jsf.impl.scope.viewaccess,ViewAccessScopedAwareNavigationHandler,60,0,12,0,20,0,10,0,4,0
59,Apache DeltaSpike JSF-Module Impl (EE6 only),org.apache.deltaspike.jsf.impl.scope.window.strategy,NoneWindowStrategy,5,0,0,0,2,0,2,0,2,0
60,Apache DeltaSpike JSF-Module Impl (EE6 only),org.apache.deltaspike.jsf.impl.scope.window.strategy,ClientSideWindowStrategy,262,0,34,0,71,0,25,0,8,0
61,Apache DeltaSpike JSF-Module Impl (EE6 only),org.apache.deltaspike.jsf.impl.scope.window.strategy,LazyWindowStrategy,72,0,14,0,22,0,12,0,5,0
62,Apache DeltaSpike JSF-Module Impl (EE6 only),org.apache.deltaspike.jsf.impl.scope.window.strategy,AbstractClientWindowStrategy,241,0,28,0,63,0,31,0,17,0
63,Apache DeltaSpike JSF-Module Impl (EE6 only),org.apache.deltaspike.jsf.impl.scope.window.strategy,DelegatedWindowStrategy,14,0,2,0,4,0,3,0,2,0
64,Apache DeltaSpike JSF-Module Impl (EE6 only),org.apache.deltaspike.jsf.impl.scope.view,ViewScopedContext,105,0,16,0,34,0,19,0,11,0
65,Apache DeltaSpike JSF-Module Impl (EE6 only),org.apache.deltaspike.jsf.impl.scope.view,ViewScopedExtension,42,0,8,0,13,0,7,0,3,0
66,Apache DeltaSpike JSF-Module Impl (EE6 only),org.apache.deltaspike.jsf.impl.listener.phase,DeltaSpikePhaseListener,242,0,36,0,77,0,32,0,14,0
67,Apache DeltaSpike JSF-Module Impl (EE6 only),org.apache.deltaspike.jsf.impl.listener.phase,JsfRequestLifecycleBroadcaster,172,0,22,0,39,0,19,0,8,0
68,Apache DeltaSpike JSF-Module Impl (EE6 only),org.apache.deltaspike.jsf.impl.listener.phase,BeforePhaseBinding,3,0,0,0,1,0,1,0,1,0
69,Apache DeltaSpike JSF-Module Impl (EE6 only),org.apache.deltaspike.jsf.impl.listener.phase,JsfRequestLifecyclePhaseListener,32,0,4,0,11,0,7,0,5,0
70,Apache DeltaSpike JSF-Module Impl (EE6 only),org.apache.deltaspike.jsf.impl.listener.phase,WindowMetaData,17,0,0,0,7,0,5,0,5,0
71,Apache DeltaSpike JSF-Module Impl (EE6 only),org.apache.deltaspike.jsf.impl.listener.phase,AfterPhaseBinding,3,0,0,0,1,0,1,0,1,0
72,Apache DeltaSpike JSF-Module Impl (EE6 only),org.apache.deltaspike.jsf.impl.listener.phase,JsfRequestLifecycleBroadcaster.new BeforePhaseBinding() {...},13,0,0,0,2,0,2,0,2,0
73,Apache DeltaSpike JSF-Module Impl (EE6 only),org.apache.deltaspike.jsf.impl.listener.phase,JsfRequestLifecycleBroadcaster.new Comparator() {...},20,0,2,0,3,0,3,0,2,0
74,Apache DeltaSpike JSF-Module Impl (EE6 only),org.apache.deltaspike.jsf.impl.listener.phase,JsfRequestLifecycleBroadcaster.new AfterPhaseBinding() {...},13,0,0,0,2,0,2,0,2,0
75,Apache DeltaSpike JSF-Module Impl (EE6 only),org.apache.deltaspike.jsf.impl.scope.window,DefaultClientWindow,72,0,6,0,18,0,14,0,9,0
76,Apache DeltaSpike JSF-Module Impl (EE6 only),org.apache.deltaspike.jsf.impl.scope.window,JsfWindowContextQuotaHandler,9,0,0,0,3,0,2,0,2,0
77,Apache DeltaSpike JSF-Module Impl (EE6 only),org.apache.deltaspike.jsf.impl.scope.window,ClientWindowAdapter,16,0,0,0,7,0,5,0,5,0
78,Apache DeltaSpike JSF-Module Impl (EE6 only),org.apache.deltaspike.jsf.impl.listener.request,DeltaSpikeFacesContextWrapper,265,0,34,0,69,0,27,0,10,0
79,Apache DeltaSpike JSF-Module Impl (EE6 only),org.apache.deltaspike.jsf.impl.listener.request,JsfRequestBroadcaster,91,0,8,0,20,0,8,0,4,0
80,Apache DeltaSpike JSF-Module Impl (EE6 only),org.apache.deltaspike.jsf.impl.listener.request,JsfClientWindowAwareLifecycleWrapper,187,0,30,0,55,0,23,0,8,0
81,Apache DeltaSpike JSF-Module Impl (EE6 only),org.apache.deltaspike.jsf.impl.listener.request,DeltaSpikeLifecycleFactoryWrapper,94,0,12,0,24,0,11,0,5,0
82,Apache DeltaSpike JSF-Module Impl (EE6 only),org.apache.deltaspike.jsf.impl.listener.request,DeltaSpikeExternalContextWrapper,34,0,4,0,12,0,5,0,3,0
83,Apache DeltaSpike JSF-Module Impl (EE6 only),org.apache.deltaspike.jsf.impl.listener.request,DeltaSpikeFacesContextFactory,64,0,10,0,18,0,10,0,5,0
84,Apache DeltaSpike JSF-Module Impl (EE6 only),org.apache.deltaspike.jsf.impl.listener.request,DeltaSpikeLifecycleWrapper,131,0,20,0,40,0,20,0,10,0
85,Apache DeltaSpike JSF-Module Impl (EE6 only),org.apache.deltaspike.jsf.impl.message,JsfMessageProducer,53,0,4,0,12,0,5,0,3,0
86,Apache DeltaSpike JSF-Module Impl (EE6 only),org.apache.deltaspike.jsf.impl.message,JsfMessageResolver,35,0,6,0,10,0,5,0,2,0
87,Apache DeltaSpike JSF-Module Impl (EE6 only),org.apache.deltaspike.jsf.impl.message,JsfMessageBundleInvocationHandler,90,0,10,0,22,0,8,0,3,0
88,Apache DeltaSpike JSF-Module Impl (EE6 only),org.apache.deltaspike.jsf.impl.message,JsfAwareLocaleResolver,55,0,16,0,20,0,10,0,2,0
89,Apache DeltaSpike JSF-Module Impl (EE6 only),org.apache.deltaspike.jsf.impl.message,DefaultJsfMessage,80,0,4,0,15,0,11,0,9,0
90,Apache DeltaSpike JSF-Module Impl (EE6 only),org.apache.deltaspike.jsf.impl.message,FacesMessageEntry,18,0,0,0,8,0,4,0,4,0
91,Apache DeltaSpike JSF-Module Impl (EE6 only),org.apache.deltaspike.jsf.impl.config.view.navigation,DefaultNavigationParameterStrategy,53,0,6,0,13,0,5,0,2,0
92,Apache DeltaSpike JSF-Module Impl (EE6 only),org.apache.deltaspike.jsf.impl.config.view.navigation,ViewConfigAwareNavigationHandler,328,0,54,0,90,0,36,0,9,0
93,Apache DeltaSpike JSF-Module Impl (EE6 only),org.apache.deltaspike.jsf.impl.config.view.navigation,DefaultNavigationParameterContext,42,0,6,0,12,0,6,0,3,0
94,Apache DeltaSpike JSF-Module Impl (EE6 only),org.apache.deltaspike.jsf.impl.config.view.navigation,DefaultViewNavigationHandler,16,0,0,0,6,0,2,0,2,0
95,Apache DeltaSpike JSF-Module Impl (EE6 only),org.apache.deltaspike.jsf.impl.config.view.navigation,NavigationCaseMapWrapper,291,0,26,0,62,0,29,0,16,0
96,Apache DeltaSpike JSF-Module Impl (EE6 only),org.apache.deltaspike.jsf.impl.config.view.navigation,NavigationCaseMapWrapper.DelegatingSet,39,0,2,0,10,0,3,0,2,0
97,Apache DeltaSpike JSF-Module Impl (EE6 only),org.apache.deltaspike.jsf.impl.config.view.navigation,NavigationParameterInterceptor,8,0,0,0,2,0,2,0,2,0
98,Apache DeltaSpike JSF-Module Impl (EE6 only),org.apache.deltaspike.jsf.impl.config.view.navigation,NavigationParameterListInterceptor,8,0,0,0,2,0,2,0,2,0
99,Apache DeltaSpike JSF-Module Impl (EE6 only),org.apache.deltaspike.jsf.impl.config.view.navigation,NavigationCaseMapWrapper.DelegatingMap,75,0,10,0,16,0,8,0,3,0
100,Apache DeltaSpike JSF-Module Impl (EE6 only),org.apache.deltaspike.jsf.impl.resource,DeltaSpikeResourceHandler,55,0,10,0,12,0,8,0,3,0
101,Apache DeltaSpike JSF-Module Impl (EE6 only),org.apache.deltaspike.jsf.impl.resource,DeltaSpikeResource,56,0,0,0,16,0,10,0,10,0
102,Apache DeltaSpike JSF-Module API,org.apache.deltaspike.jsf.spi.scope.window,ClientWindowConfig.ClientWindowRenderMode,54,0,0,0,6,0,1,0,1,0
103,Apache DeltaSpike JSF-Module API,org.apache.deltaspike.jsf.spi.scope.window,DefaultClientWindowConfig,202,0,36,0,61,0,30,0,12,0
104,Apache DeltaSpike JSF-Module API,org.apache.deltaspike.jsf.util,ValueExpressionEvaluationInputStream,33,215,9,27,6,49,7,15,0,4
105,Apache DeltaSpike JSF-Module API,org.apache.deltaspike.jsf.util,NamingConventionUtils,92,0,18,0,20,0,11,0,2,0
106,Apache DeltaSpike JSF-Module API,org.apache.deltaspike.jsf.api.literal,ViewLiteral,323,0,56,0,78,0,40,0,12,0
107,Apache DeltaSpike JSF-Module API,org.apache.deltaspike.jsf.api.literal,FolderLiteral,111,0,24,0,32,0,18,0,6,0
108,Apache DeltaSpike JSF-Module API,org.apache.deltaspike.jsf.api.config.view,View.AbstractNameBuilder,9,0,0,0,3,0,2,0,2,0
109,Apache DeltaSpike JSF-Module API,org.apache.deltaspike.jsf.api.config.view,View.DefaultExtensionBuilder,19,0,4,0,6,0,4,0,2,0
110,Apache DeltaSpike JSF-Module API,org.apache.deltaspike.jsf.api.config.view,View.DefaultBasePathBuilder,105,0,24,0,20,0,14,0,2,0
111,Apache DeltaSpike JSF-Module API,org.apache.deltaspike.jsf.api.config.view,View.ViewParameterMode,34,0,0,0,2,0,1,0,1,0
112,Apache DeltaSpike JSF-Module API,org.apache.deltaspike.jsf.api.config.view,View.DefaultFileNameBuilder,42,0,6,0,9,0,5,0,2,0
113,Apache DeltaSpike JSF-Module API,org.apache.deltaspike.jsf.api.config.view,Folder.DefaultFolderNameBuilder,104,0,22,0,20,0,14,0,3,0
114,Apache DeltaSpike JSF-Module API,org.apache.deltaspike.jsf.api.config.view,View.NavigationMode,34,0,0,0,2,0,1,0,1,0
115,Apache DeltaSpike JSF-Module API,org.apache.deltaspike.jsf.api.config.view,View.ViewConfigPreProcessor,250,0,42,0,70,0,29,0,8,0
116,Apache DeltaSpike JSF-Module API,org.apache.deltaspike.jsf.api.config.view,Folder.FolderConfigPreProcessor,86,0,12,0,28,0,10,0,4,0
117,Apache DeltaSpike JSF-Module API,org.apache.deltaspike.jsf.api.config,JsfModuleConfig,87,0,16,0,31,0,21,0,13,0
118,Apache DeltaSpike JSF-Module API,org.apache.deltaspike.jsf.api.config.base,JsfBaseConfig.ScopeCustomization.WindowRestriction,25,0,0,0,11,0,1,0,1,0
119,Apache DeltaSpike JSF-Module API,org.apache.deltaspike.jsf.api.config.base,JsfBaseConfig.ScopeCustomization.ViewDelegation,12,0,0,0,5,0,1,0,1,0
120,Apache DeltaSpike JSF-Module API,org.apache.deltaspike.jsf.api.config.base,JsfBaseConfig.ViewConfigCustomization,33,0,0,0,13,0,1,0,1,0
121,Apache DeltaSpike JSF-Module API,org.apache.deltaspike.jsf.api.listener.phase,JsfPhaseId,136,0,12,0,25,0,10,0,4,0
122,Apache DeltaSpike Servlet-Module Impl,org.apache.deltaspike.servlet.impl.produce,RequestResponseHolderListener,25,0,6,0,10,0,6,0,3,0
123,Apache DeltaSpike Servlet-Module Impl,org.apache.deltaspike.servlet.impl.produce,ServletObjectProducer,64,0,6,0,17,0,11,0,8,0
124,Apache DeltaSpike Servlet-Module Impl,org.apache.deltaspike.servlet.impl.produce,RequestResponseHolderFilter,27,0,4,0,12,0,6,0,4,0
125,Apache DeltaSpike Servlet-Module Impl,org.apache.deltaspike.servlet.impl.produce,RequestResponseHolder,66,0,10,0,20,0,11,0,6,0
126,Apache DeltaSpike Servlet-Module Impl,org.apache.deltaspike.servlet.impl.produce,ServletContextHolder,79,0,6,0,17,0,7,0,4,0
127,Apache DeltaSpike Servlet-Module Impl,org.apache.deltaspike.servlet.impl.produce,ServletContextHolderListener,9,0,0,0,5,0,3,0,3,0
128,Apache DeltaSpike Servlet-Module Impl,org.apache.deltaspike.servlet.impl.event,EventBridgeSessionListener,31,0,4,0,7,0,5,0,3,0
129,Apache DeltaSpike Servlet-Module Impl,org.apache.deltaspike.servlet.impl.event,EventBroadcaster,37,0,4,0,12,0,6,0,4,0
130,Apache DeltaSpike Servlet-Module Impl,org.apache.deltaspike.servlet.impl.event,EventBridgeFilter,52,0,4,0,11,0,6,0,4,0
131,Apache DeltaSpike Servlet-Module Impl,org.apache.deltaspike.servlet.impl.event,EventBridgeContextListener,31,0,4,0,7,0,5,0,3,0
132,Apache DeltaSpike Servlet-Module API,org.apache.deltaspike.servlet.api.resourceloader,WebResourceProvider,24,0,2,0,5,0,3,0,2,0
133,Apache DeltaSpike JPA-Module Impl,org.apache.deltaspike.jpa.impl.descriptor.xml,PersistenceUnitDescriptorInitExtension,1,20,1,1,1,6,1,2,0,2
134,Apache DeltaSpike JPA-Module Impl,org.apache.deltaspike.jpa.impl.transaction,ManagedUserTransactionResolver,6,0,0,0,2,0,2,0,2,0
135,Apache DeltaSpike JPA-Module Impl,org.apache.deltaspike.jpa.impl.transaction,ContainerManagedTransactionStrategy,6,0,0,0,2,0,2,0,2,0
136,Apache DeltaSpike JPA-Module Impl,org.apache.deltaspike.jpa.impl.transaction,BeanManagedUserTransactionStrategy.new TransactionConfig() {...},8,0,0,0,2,0,2,0,2,0
137,Apache DeltaSpike JPA-Module Impl,org.apache.deltaspike.jpa.impl.transaction,TransactionalInterceptor,0,8,0,0,0,2,0,2,0,2
138,Apache DeltaSpike JPA-Module Impl,org.apache.deltaspike.jpa.impl.transaction,ResourceLocalTransactionStrategy,39,370,17,57,10,108,16,38,0,17
139,Apache DeltaSpike JPA-Module Impl,org.apache.deltaspike.jpa.impl.transaction,BeanManagedUserTransactionStrategy,103,5,12,0,34,1,16,1,10,1
140,Apache DeltaSpike JPA-Module Impl,org.apache.deltaspike.jpa.impl.transaction,EnvironmentAwareTransactionStrategy,63,5,8,0,23,1,10,1,6,1
141,Apache DeltaSpike JPA-Module Impl,org.apache.deltaspike.jpa.impl.transaction,TransactionStrategyHelper,3,149,5,23,0,34,5,14,0,5
142,Apache DeltaSpike JPA-Module Impl,org.apache.deltaspike.jpa.impl.transaction,BeanManagedUserTransactionStrategy.UserTransactionAdapter,177,0,38,0,55,0,29,0,10,0
143,Apache DeltaSpike JPA-Module Impl,org.apache.deltaspike.jpa.impl.transaction,UserTransactionResolver,61,0,6,0,20,0,5,0,2,0
144,Apache DeltaSpike JPA-Module Impl,org.apache.deltaspike.jpa.impl.entitymanager,DefaultEntityManagerHolder,8,5,0,0,3,2,3,2,3,2
145,Apache DeltaSpike JPA-Module Impl,org.apache.deltaspike.jpa.impl.entitymanager,EntityManagerFactoryProducer,5,30,1,1,2,8,1,3,0,3
146,Apache DeltaSpike JPA-Module Impl,org.apache.deltaspike.jpa.impl.entitymanager,PersistenceConfigurationProviderImpl,0,21,1,1,0,5,1,2,0,2
147,Apache DeltaSpike JPA-Module Impl,org.apache.deltaspike.jpa.impl.transaction.context,TransactionBeanStorage.TransactionContextInfo,0,19,0,0,0,4,0,1,0,1
148,Apache DeltaSpike JPA-Module Impl,org.apache.deltaspike.jpa.impl.transaction.context,TransactionContext,34,61,4,8,9,18,4,7,0,5
149,Apache DeltaSpike JPA-Module Impl,org.apache.deltaspike.jpa.impl.transaction.context,EntityManagerEntry,9,37,4,4,4,11,5,4,1,4
150,Apache DeltaSpike JPA-Module Impl,org.apache.deltaspike.jpa.impl.transaction.context,TransactionBeanStorage,26,158,7,17,7,45,7,21,0,16
151,Apache DeltaSpike JPA-Module Impl,org.apache.deltaspike.jpa.impl.transaction.context,TransactionContextExtension,1,26,1,1,1,8,1,3,0,3
152,Apache DeltaSpike JPA-Module Impl,org.apache.deltaspike.jpa.impl.transaction.context,TransactionBeanEntry,0,21,0,0,0,8,0,4,0,4
153,Apache DeltaSpike JPA-Module API,org.apache.deltaspike.jpa.api.config.base,JpaBaseConfig.UserTransaction,19,0,0,0,8,0,1,0,1,0
154,Apache DeltaSpike JPA-Module API,org.apache.deltaspike.jpa.api.transaction,TransactionHelper,12,0,0,0,3,0,3,0,3,0
155,Apache DeltaSpike JPA-Module API,org.apache.deltaspike.jpa.spi.descriptor.xml,DescriptorReader,133,0,2,0,29,0,9,0,8,0
156,Apache DeltaSpike JPA-Module API,org.apache.deltaspike.jpa.spi.descriptor.xml,AbstractEntityHierarchyBuilder,83,0,16,0,25,0,11,0,3,0
157,Apache DeltaSpike JPA-Module API,org.apache.deltaspike.jpa.spi.descriptor.xml,Descriptor,15,0,0,0,6,0,3,0,3,0
158,Apache DeltaSpike JPA-Module API,org.apache.deltaspike.jpa.spi.descriptor.xml,EntityDescriptor,67,0,0,0,18,0,5,0,5,0
159,Apache DeltaSpike JPA-Module API,org.apache.deltaspike.jpa.spi.descriptor.xml,AbstractEntityDescriptor,66,0,0,0,28,0,14,0,14,0
160,Apache DeltaSpike JPA-Module API,org.apache.deltaspike.jpa.spi.descriptor.xml,PersistenceUnitDescriptorProvider,216,0,42,0,66,0,34,0,13,0
161,Apache DeltaSpike JPA-Module API,org.apache.deltaspike.jpa.spi.descriptor.xml,EntityMappingsDescriptor,33,0,0,0,14,0,7,0,7,0
162,Apache DeltaSpike JPA-Module API,org.apache.deltaspike.jpa.spi.descriptor.xml,MappedSuperclassDescriptor,52,0,0,0,13,0,3,0,3,0
163,Apache DeltaSpike JPA-Module API,org.apache.deltaspike.jpa.spi.descriptor.xml,PersistenceUnitDescriptorParser,240,0,12,0,48,0,13,0,7,0
164,Apache DeltaSpike JPA-Module API,org.apache.deltaspike.jpa.spi.descriptor.xml,EntityMappingsDescriptorParser,364,0,34,0,83,0,32,0,15,0
165,Apache DeltaSpike JPA-Module API,org.apache.deltaspike.jpa.spi.descriptor.xml,PersistenceUnitDescriptor,54,0,0,0,18,0,8,0,8,0
166,Apache DeltaSpike Security-Module Impl,org.apache.deltaspike.security.impl.authorization,SecuredAnnotationAuthorizer,8,166,6,18,2,37,6,10,0,4
167,Apache DeltaSpike Security-Module Impl,org.apache.deltaspike.security.impl.authorization,AccessDeniedExceptionBroadcaster,12,14,0,0,3,4,0,2,0,2
168,Apache DeltaSpike Security-Module Impl,org.apache.deltaspike.security.impl.authorization,SkipInternalProcessingException,0,9,0,0,0,4,0,2,0,2
169,Apache DeltaSpike Security-Module Impl,org.apache.deltaspike.security.impl.authorization,SecurityParameterValueRedefiner,90,107,12,12,17,27,9,5,0,2
170,Apache DeltaSpike Security-Module Impl,org.apache.deltaspike.security.impl.authorization,DefaultAccessDecisionVoterContext,34,59,4,6,8,19,7,8,4,6
171,Apache DeltaSpike Security-Module Impl,org.apache.deltaspike.security.impl.extension,AuthorizationParameter,132,98,13,11,25,20,10,6,2,2
172,Apache DeltaSpike Security-Module Impl,org.apache.deltaspike.security.impl.extension,SecurityExtension,89,328,13,47,16,86,12,25,0,7
173,Apache DeltaSpike Security-Module Impl,org.apache.deltaspike.security.impl.extension,DefaultSecurityStrategy,24,89,4,8,8,26,2,9,0,5
174,Apache DeltaSpike Security-Module Impl,org.apache.deltaspike.security.impl.extension,SecurityMetaDataStorage,160,295,14,30,27,68,12,25,0,15
175,Apache DeltaSpike Security-Module Impl,org.apache.deltaspike.security.impl.extension,Authorizer.new SecurityViolation() {...},2,6,0,0,1,1,1,1,1,1
176,Apache DeltaSpike Security-Module Impl,org.apache.deltaspike.security.impl.extension,Authorizer,176,337,20,56,38,79,15,31,1,7
177,Apache DeltaSpike Security-Module Impl,org.apache.deltaspike.security.impl.extension,SecurityInterceptorBindingLiteral,0,3,0,0,0,1,0,1,0,1
178,Apache DeltaSpike Security-Module Impl,org.apache.deltaspike.security.impl.extension,SecurityInterceptor,0,8,0,0,0,2,0,2,0,2
179,Apache DeltaSpike Security-Module Impl,org.apache.deltaspike.security.impl.util,SecurityUtils,35,213,6,30,6,40,5,19,0,6
180,Apache DeltaSpike Security-Module API,org.apache.deltaspike.security.api.authorization,ErrorViewAwareAccessDeniedException,10,0,0,0,4,0,2,0,2,0
181,Apache DeltaSpike Security-Module API,org.apache.deltaspike.security.api.authorization,Secured.AnnotationPreProcessor,13,0,0,0,3,0,2,0,2,0
182,Apache DeltaSpike Security-Module API,org.apache.deltaspike.security.api.authorization,AccessDecisionState,44,0,0,0,2,0,1,0,1,0
183,Apache DeltaSpike Security-Module API,org.apache.deltaspike.security.api.authorization,AbstractDecisionVoter,8,0,0,0,2,0,2,0,2,0
184,Apache DeltaSpike Security-Module API,org.apache.deltaspike.security.api.authorization,Secured.Descriptor,14,0,0,0,3,0,2,0,2,0
185,Apache DeltaSpike Security-Module API,org.apache.deltaspike.security.api.authorization,AccessDeniedException,9,0,0,0,4,0,2,0,2,0
186,Apache DeltaSpike Security-Module API,org.apache.deltaspike.security.api.authorization,SecurityDefinitionException,13,0,0,0,6,0,3,0,3,0
187,Apache DeltaSpike Security-Module API,org.apache.deltaspike.security.api.authorization,SimpleSecurityViolation,9,0,0,0,4,0,2,0,2,0
188,Apache DeltaSpike Security-Module API,org.apache.deltaspike.security.api.authorization,AbstractAccessDecisionVoter,13,0,0,0,4,0,2,0,2,0
189,Apache DeltaSpike Security-Module API,org.apache.deltaspike.security.api,SecurityException,16,0,0,0,8,0,4,0,4,0
190,Apache DeltaSpike Proxy-Module Impl ASM5,org.apache.deltaspike.proxy.impl,AsmProxyClassGenerator,209,665,21,21,42,149,16,19,1,13
191,Apache DeltaSpike Proxy-Module Impl ASM5,org.apache.deltaspike.proxy.impl,CopyAnnotationVisitorAdapter,75,26,8,2,18,10,8,3,3,3
192,Apache DeltaSpike Proxy-Module Impl ASM5,org.apache.deltaspike.proxy.impl,AsmProxyClassGenerator.new ClassVisitor() {...},0,20,0,0,0,4,0,2,0,2
193,Apache DeltaSpike Proxy-Module Impl ASM5,org.apache.deltaspike.proxy.impl.invocation,DelegateManualInvocationHandler,0,24,0,0,0,5,0,4,0,4
194,Apache DeltaSpike Proxy-Module Impl ASM5,org.apache.deltaspike.proxy.impl.invocation,InterceptManualInvocationHandler,19,8,0,0,5,2,2,2,2,2
195,Apache DeltaSpike Proxy-Module Impl ASM5,org.apache.deltaspike.proxy.impl.invocation,ManualInvocationContext,15,102,5,7,7,26,6,5,1,4
196,Apache DeltaSpike Proxy-Module Impl ASM5,org.apache.deltaspike.proxy.impl.invocation,ManualInvocationThrowableWrapperException,4,0,0,0,2,0,1,0,1,0
197,Apache DeltaSpike Proxy-Module Impl ASM5,org.apache.deltaspike.proxy.impl.invocation,AbstractManualInvocationHandler,6,62,3,7,3,16,3,6,0,4
198,Apache DeltaSpike Proxy-Module Impl ASM5,org.apache.deltaspike.proxy.impl.invocation,InterceptorLookup,32,110,8,10,6,23,5,9,0,5
199,Apache DeltaSpike Java-SE Examples,org.apache.deltaspike.example.metadata,NamingConventionAwareMetadataFilter,64,0,6,0,14,0,5,0,2,0
200,Apache DeltaSpike Java-SE Examples,org.apache.deltaspike.example.config,ConfigExample,70,0,0,0,12,0,2,0,2,0
201,Apache DeltaSpike Java-SE Examples,org.apache.deltaspike.example.config,LocationId,34,0,0,0,2,0,1,0,1,0
202,Apache DeltaSpike Java-SE Examples,org.apache.deltaspike.example.config,SettingsBean,25,0,0,0,11,0,7,0,7,0
203,Apache DeltaSpike Java-SE Examples,org.apache.deltaspike.example.config,CustomPropertyFileConfig,7,0,0,0,3,0,3,0,3,0
204,Apache DeltaSpike Java-SE Examples,org.apache.deltaspike.example.config,CustomConfigPropertyProducer,77,0,8,0,19,0,9,0,5,0
205,Apache DeltaSpike Java-SE Examples,org.apache.deltaspike.example.echo,ToLowerCaseEchoService,6,0,0,0,2,0,2,0,2,0
206,Apache DeltaSpike Java-SE Examples,org.apache.deltaspike.example.echo,ToUpperCaseEchoService,6,0,0,0,2,0,2,0,2,0
207,Apache DeltaSpike Java-SE Examples,org.apache.deltaspike.example.echo,DefaultEchoService,5,0,0,0,2,0,2,0,2,0
208,Apache DeltaSpike Java-SE Examples,org.apache.deltaspike.example.echo,NoEchoService,5,0,0,0,2,0,2,0,2,0
209,Apache DeltaSpike Java-SE Examples,org.apache.deltaspike.example.beanmanagement,SimpleBeanLookupExample,124,0,6,0,26,0,5,0,2,0
210,Apache DeltaSpike Proxy-Module API,org.apache.deltaspike.proxy.api,DeltaSpikeProxyContextualLifecycle,192,0,20,0,45,0,14,0,4,0
211,Apache DeltaSpike Proxy-Module API,org.apache.deltaspike.proxy.api,DeltaSpikeProxyFactory.GeneratorHolder,6,0,0,0,3,0,2,0,2,0
212,Apache DeltaSpike Proxy-Module API,org.apache.deltaspike.proxy.api,DeltaSpikeProxyFactory,484,0,84,0,110,0,57,0,15,0
213,Apache DeltaSpike Proxy-Module API,org.apache.deltaspike.proxy.util,EnableInterceptorsProxyFactory.EnableInterceptorsDelegate,12,0,0,0,4,0,2,0,2,0
214,Apache DeltaSpike Proxy-Module API,org.apache.deltaspike.proxy.util,EnableInterceptorsInterceptor,11,0,0,0,3,0,2,0,2,0
215,Apache DeltaSpike Proxy-Module API,org.apache.deltaspike.proxy.util,EnableInterceptorsProxyFactory,67,0,2,0,13,0,6,0,5,0
216,Apache DeltaSpike CDI Servlet-ContainerControl,org.apache.deltaspike.cdise.servlet,CdiServletRequestListener,0,43,0,0,0,14,0,5,0,5
217,Apache DeltaSpike CDI Servlet-ContainerControl,org.apache.deltaspike.cdise.servlet,CdiServletContextListener,0,9,0,0,0,4,0,3,0,3
218,Apache DeltaSpike CDI ContainerControl TCK,org.apache.deltaspike.cdise.tck,ContainerCtrlTckTest,447,0,6,0,138,0,11,0,8,0
219,Apache DeltaSpike CDI ContainerControl TCK,org.apache.deltaspike.cdise.tck,ContainerCtrlTckTest.new Runnable() {...},87,0,2,0,19,0,3,0,2,0
220,Apache DeltaSpike CDI ContainerControl TCK,org.apache.deltaspike.cdise.tck.control,VersionControlRule.new Statement() {...},90,0,10,0,18,0,9,0,4,0
221,Apache DeltaSpike CDI ContainerControl TCK,org.apache.deltaspike.cdise.tck.control,VersionControlRule,10,0,0,0,2,0,2,0,2,0
222,Apache DeltaSpike CDI ContainerControl TCK,org.apache.deltaspike.cdise.tck.beans,TestUser,32,0,0,0,11,0,7,0,7,0
223,Apache DeltaSpike CDI ContainerControl TCK,org.apache.deltaspike.cdise.tck.beans,CarRepair,28,0,0,0,9,0,6,0,6,0
224,Apache DeltaSpike CDI ContainerControl TCK,org.apache.deltaspike.cdise.tck.beans,Car,28,0,0,0,9,0,6,0,6,0
225,Apache DeltaSpike CDI ContainerControl API,org.apache.deltaspike.cdise.api,CdiContainerLoader,98,0,8,0,19,0,7,0,3,0
226,Apache DeltaSpike Core-Implementation,org.apache.deltaspike.core.impl.resourceloader,InjectableResourceProducer,13,80,5,3,5,23,4,7,0,7
227,Apache DeltaSpike Core-Implementation,org.apache.deltaspike.core.impl.resourceloader,ResourceLoaderExtension,26,0,0,0,6,0,3,0,3,0
228,Apache DeltaSpike Core-Implementation,org.apache.deltaspike.core.impl.config,EnvironmentPropertyConfigSource,3,26,3,1,0,9,2,4,0,4
229,Apache DeltaSpike Core-Implementation,org.apache.deltaspike.core.impl.config,EnvironmentPropertyConfigSourceProvider,19,55,1,5,3,13,1,5,0,3
230,Apache DeltaSpike Core-Implementation,org.apache.deltaspike.core.impl.config,SystemPropertyConfigSource,0,9,0,0,0,4,0,2,0,2
231,Apache DeltaSpike Core-Implementation,org.apache.deltaspike.core.impl.config,PropertiesConfigSource,0,40,0,2,0,10,0,5,0,4
232,Apache DeltaSpike Core-Implementation,org.apache.deltaspike.core.impl.config,DefaultConfigPropertyProducer,44,30,0,0,7,6,3,6,3,6
233,Apache DeltaSpike Core-Implementation,org.apache.deltaspike.core.impl.config,DefaultConfigSourceProvider,0,75,0,2,0,19,0,4,0,3
234,Apache DeltaSpike Core-Implementation,org.apache.deltaspike.core.impl.config,MapConfigSource,5,12,0,0,2,4,2,2,2,2
235,Apache DeltaSpike Core-Implementation,org.apache.deltaspike.core.impl.config,BaseConfigSource,13,31,0,2,2,10,0,4,0,3
236,Apache DeltaSpike Core-Implementation,org.apache.deltaspike.core.impl.config,LocalJndiConfigSource,25,26,1,1,6,9,2,5,1,5
237,Apache DeltaSpike Core-Implementation,org.apache.deltaspike.core.impl.config,PropertyFileConfigSource,0,15,0,0,0,5,0,2,0,2
238,Apache DeltaSpike Core-Implementation,org.apache.deltaspike.core.impl.config,ConfigurationExtension,104,155,15,17,24,45,12,13,0,9
239,Apache DeltaSpike Core-Implementation,org.apache.deltaspike.core.impl.lock,LockSupplierStorage,28,130,4,12,6,29,4,7,0,3
240,Apache DeltaSpike Core-Implementation,org.apache.deltaspike.core.impl.lock,LockSupplierStorage.new LockSupplier() {...},9,46,0,2,3,5,0,3,0,2
241,Apache DeltaSpike Core-Implementation,org.apache.deltaspike.core.impl.lock,DefaultLockedStrategy,0,16,0,0,0,4,0,2,0,2
242,Apache DeltaSpike Core-Implementation,org.apache.deltaspike.core.impl.lock,LockSupplierStorage.new LockSupplier() {...},0,15,0,0,0,3,0,2,0,2
243,Apache DeltaSpike Core-Implementation,org.apache.deltaspike.core.impl.lock,LockedInterceptor,0,8,0,0,0,2,0,2,0,2
244,Apache DeltaSpike Core-Implementation,org.apache.deltaspike.core.impl.jmx,MBeanExtension,27,298,14,26,7,61,12,19,0,11
245,Apache DeltaSpike Core-Implementation,org.apache.deltaspike.core.impl.jmx,DynamicMBeanWrapper,338,434,26,30,58,88,23,17,3,9
246,Apache DeltaSpike Core-Implementation,org.apache.deltaspike.core.impl.jmx,BroadcasterProducer,23,16,1,1,3,5,1,2,0,2
247,Apache DeltaSpike Core-Implementation,org.apache.deltaspike.core.impl.jmx,AttributeAccessor,10,34,2,2,2,9,2,3,0,3
248,Apache DeltaSpike Core-Implementation,org.apache.deltaspike.core.impl.jmx,JmxBroadcasterLifecycle,10,0,0,0,5,0,3,0,3,0
249,Apache DeltaSpike Core-Implementation,org.apache.deltaspike.core.impl.throttling,InvokerStorage,33,140,7,19,6,34,7,9,0,3
250,Apache DeltaSpike Core-Implementation,org.apache.deltaspike.core.impl.throttling,Invoker,13,68,0,4,6,14,1,4,1,2
251,Apache DeltaSpike Core-Implementation,org.apache.deltaspike.core.impl.throttling,ThrottledInterceptor,0,8,0,0,0,2,0,2,0,2
252,Apache DeltaSpike Core-Implementation,org.apache.deltaspike.core.impl.throttling,DefaultThrottledStrategy,0,10,0,0,0,2,0,2,0,2
253,Apache DeltaSpike Core-Implementation,org.apache.deltaspike.core.impl.scope.conversation,ConversationBeanHolder,0,3,0,0,0,1,0,1,0,1
254,Apache DeltaSpike Core-Implementation,org.apache.deltaspike.core.impl.scope.conversation,GroupedConversationContext,18,201,3,19,4,48,4,17,1,9
255,Apache DeltaSpike Core-Implementation,org.apache.deltaspike.core.impl.scope.conversation,InjectableGroupedConversation,0,27,0,0,0,8,0,2,0,2
256,Apache DeltaSpike Core-Implementation,org.apache.deltaspike.core.impl.scope.conversation,ConversationKey,105,88,21,15,25,22,16,8,1,5
257,Apache DeltaSpike Core-Implementation,org.apache.deltaspike.core.impl.scope.conversation,InjectableGroupedConversationManager,8,27,1,1,2,9,1,5,0,5
258,Apache DeltaSpike Core-Implementation,org.apache.deltaspike.core.impl.scope.conversation,GroupedConversationArtifactProducer,0,22,0,0,0,5,0,3,0,3
259,Apache DeltaSpike Core-Implementation,org.apache.deltaspike.core.impl.future,ThreadPoolManager,24,82,6,6,9,25,6,4,0,4
260,Apache DeltaSpike Core-Implementation,org.apache.deltaspike.core.impl.future,J8PromiseCompanionTask,47,62,0,0,15,18,0,3,0,3
261,Apache DeltaSpike Core-Implementation,org.apache.deltaspike.core.impl.future,DefaultFutureableStrategy,89,135,24,6,20,41,15,4,0,4
262,Apache DeltaSpike Core-Implementation,org.apache.deltaspike.core.impl.future,DefaultFutureableStrategy.new Callable() {...},35,39,6,4,9,9,5,2,0,2
263,Apache DeltaSpike Core-Implementation,org.apache.deltaspike.core.impl.future,DefaultFutureableStrategy.new ThreadLocal() {...},4,3,0,0,1,1,1,1,1,1
264,Apache DeltaSpike Core-Implementation,org.apache.deltaspike.core.impl.future,DefaultFutureableStrategy.CallKey,76,0,20,0,11,0,14,0,4,0
265,Apache DeltaSpike Core-Implementation,org.apache.deltaspike.core.impl.future,FutureableInterceptor,0,8,0,0,0,2,0,2,0,2
266,Apache DeltaSpike Core-Implementation,org.apache.deltaspike.core.impl.exception.control,DefaultExceptionEvent,8,64,1,1,2,27,2,13,1,13
267,Apache DeltaSpike Core-Implementation,org.apache.deltaspike.core.impl.exception.control,HandlerMethodStorageImpl,52,125,7,21,8,22,5,12,1,2
268,Apache DeltaSpike Core-Implementation,org.apache.deltaspike.core.impl.exception.control,OutboundParameterValueRedefiner,0,41,1,3,0,12,1,3,0,2
269,Apache DeltaSpike Core-Implementation,org.apache.deltaspike.core.impl.exception.control,ExceptionHandlerBroadcaster,49,293,9,33,9,74,8,21,0,3
270,Apache DeltaSpike Core-Implementation,org.apache.deltaspike.core.impl.exception.control,HandlerMethodStorageProducer,0,10,0,0,0,2,0,2,0,2
271,Apache DeltaSpike Core-Implementation,org.apache.deltaspike.core.impl.exception.control,HandlerMethodImpl,19,391,9,39,5,76,9,31,0,16
272,Apache DeltaSpike Core-Implementation,org.apache.deltaspike.core.impl.exception.control,ExceptionHandlerComparator,4,107,4,16,2,24,4,10,0,4
273,Apache DeltaSpike Core-Implementation,org.apache.deltaspike.core.impl.exception.control.extension,ExceptionControlExtension,20,178,5,21,6,36,5,15,0,7
274,Apache DeltaSpike Core-Implementation,org.apache.deltaspike.core.impl.activation,DefaultClassDeactivator,16,36,2,4,1,8,2,4,0,3
275,Apache DeltaSpike Core-Implementation,org.apache.deltaspike.core.impl.scope.window,DefaultWindowContextQuotaHandler,11,54,3,7,3,14,3,5,0,3
276,Apache DeltaSpike Core-Implementation,org.apache.deltaspike.core.impl.scope.window,WindowBeanHolder,0,28,1,1,0,9,1,3,0,3
277,Apache DeltaSpike Core-Implementation,org.apache.deltaspike.core.impl.scope.window,WindowContextImpl,8,76,5,7,2,22,5,9,0,8
278,Apache DeltaSpike Core-Implementation,org.apache.deltaspike.core.impl.scope.window,InjectableWindowContext,12,22,1,1,3,8,2,4,1,4
279,Apache DeltaSpike Core-Implementation,org.apache.deltaspike.core.impl.scope.window,WindowContextProducer,0,10,0,0,0,2,0,2,0,2
280,Apache DeltaSpike Core-Implementation,org.apache.deltaspike.core.impl.scope.window,WindowContextQuotaHandlerCache,10,17,1,1,3,6,2,3,1,3
281,Apache DeltaSpike Core-Implementation,org.apache.deltaspike.core.impl.scope.window,WindowIdHolder,0,10,0,0,0,4,0,3,0,3
282,Apache DeltaSpike Core-Implementation,org.apache.deltaspike.core.impl.interceptor,GlobalInterceptorExtension,58,24,12,2,11,8,7,4,0,4
283,Apache DeltaSpike Core-Implementation,org.apache.deltaspike.core.impl.interceptor,GlobalInterceptorWrapper,94,0,2,0,20,0,11,0,10,0
284,Apache DeltaSpike Core-Implementation,org.apache.deltaspike.core.impl.exclude.extension,ExcludeExtension,180,638,22,102,38,163,24,60,3,19
285,Apache DeltaSpike Core-Implementation,org.apache.deltaspike.core.impl.util,AnnotationInstanceUtils,17,9,3,1,4,5,2,1,0,1
286,Apache DeltaSpike Core-Implementation,org.apache.deltaspike.core.impl.util,AnnotatedMethods,12,26,2,4,1,8,2,2,0,1
287,Apache DeltaSpike Core-Implementation,org.apache.deltaspike.core.impl.util,JndiUtils,196,13,12,0,40,6,9,2,3,2
288,Apache DeltaSpike Core-Implementation,org.apache.deltaspike.core.impl.util,ConversationUtils,55,87,10,12,9,23,7,7,0,3
289,Apache DeltaSpike Core-Implementation,org.apache.deltaspike.core.impl.message,MessageFormatMessageInterpolator,0,13,0,0,0,3,0,2,0,2
290,Apache DeltaSpike Core-Implementation,org.apache.deltaspike.core.impl.message,MessageBundleInvocationHandler,59,226,12,34,12,52,9,19,0,5
291,Apache DeltaSpike Core-Implementation,org.apache.deltaspike.core.impl.message,MessageBundleExtension.MessageBundleLifecycle,0,47,1,1,0,9,1,4,0,4
292,Apache DeltaSpike Core-Implementation,org.apache.deltaspike.core.impl.message,DefaultMessageInterpolator,0,15,1,3,0,4,1,3,0,2
293,Apache DeltaSpike Core-Implementation,org.apache.deltaspike.core.impl.message,DefaultMessageContext,2,137,2,4,1,32,2,14,0,13
294,Apache DeltaSpike Core-Implementation,org.apache.deltaspike.core.impl.message,DefaultLocaleResolver,2,3,0,0,1,1,1,1,1,1
295,Apache DeltaSpike Core-Implementation,org.apache.deltaspike.core.impl.message,MessageBundleExtension,74,185,6,16,12,40,6,12,0,7
296,Apache DeltaSpike Core-Implementation,org.apache.deltaspike.core.impl.message,DefaultMessageResolver,4,90,5,13,1,23,5,7,0,3
297,Apache DeltaSpike Core-Implementation,org.apache.deltaspike.core.impl.message,MessageBundleContext,14,5,0,0,6,1,3,1,3,1
298,Apache DeltaSpike Core-Implementation,org.apache.deltaspike.core.impl.message,DefaultMessage,30,229,17,25,11,55,16,20,2,13
299,Apache DeltaSpike Core-Implementation,org.apache.deltaspike.core.impl.scope.viewaccess,ViewAccessBeanAccessHistory,0,11,0,0,0,3,0,2,0,2
300,Apache DeltaSpike Core-Implementation,org.apache.deltaspike.core.impl.scope.viewaccess,ViewAccessViewHistory,0,10,0,0,0,4,0,3,0,3
301,Apache DeltaSpike Core-Implementation,org.apache.deltaspike.core.impl.scope.viewaccess,ViewAccessBeanHolder,0,3,0,0,0,1,0,1,0,1
302,Apache DeltaSpike Core-Implementation,org.apache.deltaspike.core.impl.scope.viewaccess,InjectableViewAccessContextManager,24,0,2,0,9,0,4,0,3,0
303,Apache DeltaSpike Core-Implementation,org.apache.deltaspike.core.impl.scope.viewaccess,ViewAccessContext,6,152,6,12,3,36,7,13,1,10
304,Apache DeltaSpike Core-Implementation,org.apache.deltaspike.core.impl.scope.viewaccess,ViewAccessContextArtifactProducer,10,0,0,0,2,0,2,0,2,0
305,Apache DeltaSpike Core-Implementation,org.apache.deltaspike.core.impl.scope,AbstractBeanHolder,0,93,1,7,0,25,1,10,0,7
306,Apache DeltaSpike Core-Implementation,org.apache.deltaspike.core.impl.scope,DeltaSpikeContextExtension,2,130,2,2,2,32,2,7,0,7
307,Apache DeltaSpike Core-Implementation,org.apache.deltaspike.core.impl.interpreter,PropertyExpressionInterpreter,0,6,0,0,0,2,0,2,0,2
308,Apache DeltaSpike Core-API,org.apache.deltaspike.core.api.exception.control,ExceptionHandlingFlow,64,0,0,0,7,0,1,0,1,0
309,Apache DeltaSpike Core-API,org.apache.deltaspike.core.api.exception.control,ExceptionStackItem,92,0,10,0,25,0,12,0,7,0
310,Apache DeltaSpike Core-API,org.apache.deltaspike.core.api.projectstage,ProjectStage.Staging,0,3,0,0,0,1,0,1,0,1
311,Apache DeltaSpike Core-API,org.apache.deltaspike.core.api.projectstage,ProjectStage.SystemTest,0,3,0,0,0,1,0,1,0,1
312,Apache DeltaSpike Core-API,org.apache.deltaspike.core.api.projectstage,ProjectStage,49,79,2,2,7,22,4,4,2,4
313,Apache DeltaSpike Core-API,org.apache.deltaspike.core.api.projectstage,ProjectStage.IntegrationTest,0,3,0,0,0,1,0,1,0,1
314,Apache DeltaSpike Core-API,org.apache.deltaspike.core.api.projectstage,ProjectStage.UnitTest,0,3,0,0,0,1,0,1,0,1
315,Apache DeltaSpike Core-API,org.apache.deltaspike.core.api.projectstage,ProjectStage.Development,0,3,0,0,0,1,0,1,0,1
316,Apache DeltaSpike Core-API,org.apache.deltaspike.core.api.projectstage,ProjectStage.Production,0,3,0,0,0,1,0,1,0,1
317,Apache DeltaSpike Core-API,org.apache.deltaspike.core.api.interpreter,SimpleOperationEnum,68,0,2,0,11,0,5,0,4,0
318,Apache DeltaSpike Core-API,org.apache.deltaspike.core.api.interpreter,BasePropertyExpressionInterpreter,141,0,24,0,27,0,14,0,2,0
319,Apache DeltaSpike Core-API,org.apache.deltaspike.core.util.interceptor,AbstractInvocationContext,44,0,2,0,16,0,9,0,8,0
320,Apache DeltaSpike Core-API,org.apache.deltaspike.core.api.exception.control.event,ExceptionToCatchEvent,52,0,0,0,19,0,8,0,8,0
321,Apache DeltaSpike Core-API,org.apache.deltaspike.core.api.exception.control.event,ExceptionStackEvent,200,0,18,0,47,0,21,0,12,0
322,Apache DeltaSpike Core-API,org.apache.deltaspike.core.api.config.base,CoreBaseConfig.ParentExtensionCustomization,12,0,0,0,6,0,1,0,1,0
323,Apache DeltaSpike Core-API,org.apache.deltaspike.core.api.config.base,CoreBaseConfig.BeanManagerIntegration,12,0,0,0,6,0,1,0,1,0
324,Apache DeltaSpike Core-API,org.apache.deltaspike.core.api.config.base,CoreBaseConfig.ScopeCustomization.WindowRestriction,13,0,0,0,6,0,1,0,1,0
325,Apache DeltaSpike Core-API,org.apache.deltaspike.core.api.config.base,CoreBaseConfig.Validation.new ConfigResolver.Converter() {...},6,0,0,0,2,0,2,0,2,0
326,Apache DeltaSpike Core-API,org.apache.deltaspike.core.api.config.base,CoreBaseConfig.TimeoutCustomization,16,0,0,0,6,0,1,0,1,0
327,Apache DeltaSpike Core-API,org.apache.deltaspike.core.api.config.base,CoreBaseConfig.Validation,15,0,0,0,6,0,1,0,1,0
328,Apache DeltaSpike Core-API,org.apache.deltaspike.core.api.config.base,CoreBaseConfig.Validation.ViolationMode,34,0,0,0,2,0,1,0,1,0
329,Apache DeltaSpike Core-API,org.apache.deltaspike.core.api.config.base,CoreBaseConfig.InterceptorCustomization,13,0,0,0,6,0,1,0,1,0
330,Apache DeltaSpike Core-API,org.apache.deltaspike.core.api.config.base,CoreBaseConfig.MBeanIntegration,12,0,0,0,6,0,1,0,1,0
331,Apache DeltaSpike Core-API,org.apache.deltaspike.core.api.provider,BeanManagerProvider,304,0,46,0,83,0,36,0,13,0
332,Apache DeltaSpike Core-API,org.apache.deltaspike.core.api.provider,DependentProvider,118,0,8,0,27,0,9,0,5,0
333,Apache DeltaSpike Core-API,org.apache.deltaspike.core.api.provider,BeanProvider,391,0,34,0,87,0,41,0,24,0
334,Apache DeltaSpike Core-API,org.apache.deltaspike.core.api.resourceloader,ClasspathResourceProvider,168,0,18,0,40,0,15,0,6,0
335,Apache DeltaSpike Core-API,org.apache.deltaspike.core.api.resourceloader,AbstractResourceProvider,92,0,6,0,26,0,11,0,8,0
336,Apache DeltaSpike Core-API,org.apache.deltaspike.core.api.resourceloader,FileResourceProvider,42,0,6,0,10,0,7,0,4,0
337,Apache DeltaSpike Core-API,org.apache.deltaspike.core.util.metadata,InjectionPointWrapper,36,0,0,0,11,0,8,0,8,0
338,Apache DeltaSpike Core-API,org.apache.deltaspike.core.util.metadata,AnnotationInstanceProvider,72,459,7,57,21,94,7,38,0,13
339,Apache DeltaSpike Core-API,org.apache.deltaspike.core.api.config.view.metadata,ExecutableCallbackDescriptor,97,0,12,0,25,0,9,0,3,0
340,Apache DeltaSpike Core-API,org.apache.deltaspike.core.api.config.view.metadata,CallbackDescriptor.CallbackEntry,139,0,18,0,28,0,14,0,5,0
341,Apache DeltaSpike Core-API,org.apache.deltaspike.core.api.config.view.metadata,SimpleCallbackDescriptor,15,0,0,0,5,0,3,0,3,0
342,Apache DeltaSpike Core-API,org.apache.deltaspike.core.api.config.view.metadata,CallbackDescriptor,115,0,8,0,23,0,11,0,7,0
343,Apache DeltaSpike Core-API,org.apache.deltaspike.core.api.lock,Locked.Operation,24,0,0,0,2,0,1,0,1,0
344,Apache DeltaSpike Core-API,org.apache.deltaspike.core.api.config,ConfigResolver.PropertyBuilder,53,490,14,57,8,119,15,39,1,17
345,Apache DeltaSpike Core-API,org.apache.deltaspike.core.api.config,ConfigResolver,119,455,13,43,28,108,14,39,4,21
346,Apache DeltaSpike Core-API,org.apache.deltaspike.core.api.config,ConfigResolver.new Comparator() {...},2,10,1,1,0,2,1,2,0,2
347,Apache DeltaSpike Core-API,org.apache.deltaspike.core.api.config,ConfigResolver.new Comparator() {...},0,12,0,2,0,2,0,3,0,2
348,Apache DeltaSpike Core-API,org.apache.deltaspike.core.api.config,PropertyLoader,42,250,8,30,9,63,8,18,0,7
349,Apache DeltaSpike Core-API,org.apache.deltaspike.core.spi.config,BaseConfigPropertyProducer,93,0,10,0,24,0,10,0,5,0
350,Apache DeltaSpike Core-API,org.apache.deltaspike.core.util.context,ContextualInstanceInfo,17,0,0,0,7,0,5,0,5,0
351,Apache DeltaSpike Core-API,org.apache.deltaspike.core.util.context,ContextualStorage,121,0,12,0,36,0,12,0,6,0
352,Apache DeltaSpike Core-API,org.apache.deltaspike.core.util.context,AbstractContext,223,0,28,0,62,0,24,0,10,0
353,Apache DeltaSpike Core-API,org.apache.deltaspike.core.api.literal,SpecializesLiteral,3,0,0,0,1,0,1,0,1,0
354,Apache DeltaSpike Core-API,org.apache.deltaspike.core.api.literal,NewLiteral,13,0,0,0,6,0,3,0,3,0
355,Apache DeltaSpike Core-API,org.apache.deltaspike.core.api.literal,AlternativeLiteral,0,3,0,0,0,1,0,1,0,1
356,Apache DeltaSpike Core-API,org.apache.deltaspike.core.api.literal,SessionScopeLiteral,3,0,0,0,1,0,1,0,1,0
357,Apache DeltaSpike Core-API,org.apache.deltaspike.core.api.literal,DefaultLiteral,3,0,0,0,1,0,1,0,1,0
358,Apache DeltaSpike Core-API,org.apache.deltaspike.core.api.literal,ConversationScopedLiteral,3,0,0,0,1,0,1,0,1,0
359,Apache DeltaSpike Core-API,org.apache.deltaspike.core.api.literal,MessageContextConfigLiteral,35,0,0,0,12,0,6,0,6,0
360,Apache DeltaSpike Core-API,org.apache.deltaspike.core.api.literal,DestroyedLiteral,8,0,0,0,2,0,2,0,2,0
361,Apache DeltaSpike Core-API,org.apache.deltaspike.core.api.literal,DependentScopeLiteral,3,0,0,0,1,0,1,0,1,0
362,Apache DeltaSpike Core-API,org.apache.deltaspike.core.api.literal,ViewControllerRefLiteral,15,0,0,0,6,0,3,0,3,0
363,Apache DeltaSpike Core-API,org.apache.deltaspike.core.api.literal,InjectableResourceLiteral,15,0,0,0,6,0,3,0,3,0
364,Apache DeltaSpike Core-API,org.apache.deltaspike.core.api.literal,InitializedLiteral,8,0,0,0,2,0,2,0,2,0
365,Apache DeltaSpike Core-API,org.apache.deltaspike.core.api.literal,ModelLiteral,3,0,0,0,1,0,1,0,1,0
366,Apache DeltaSpike Core-API,org.apache.deltaspike.core.api.literal,MessageBundleLiteral,3,0,0,0,1,0,1,0,1,0
367,Apache DeltaSpike Core-API,org.apache.deltaspike.core.api.literal,NamedLiteral,0,15,0,0,0,7,0,3,0,3
368,Apache DeltaSpike Core-API,org.apache.deltaspike.core.api.literal,ApplicationScopedLiteral,0,3,0,0,0,1,0,1,0,1
369,Apache DeltaSpike Core-API,org.apache.deltaspike.core.api.literal,SingletonLiteral,3,0,0,0,1,0,1,0,1,0
370,Apache DeltaSpike Core-API,org.apache.deltaspike.core.api.literal,TypedLiteral,6,10,0,0,3,4,1,2,1,2
371,Apache DeltaSpike Core-API,org.apache.deltaspike.core.api.literal,DeltaSpikeLiteral,8,0,0,0,2,0,2,0,2,0
372,Apache DeltaSpike Core-API,org.apache.deltaspike.core.api.literal,RequestScopedLiteral,3,0,0,0,1,0,1,0,1,0
373,Apache DeltaSpike Core-API,org.apache.deltaspike.core.api.literal,AnyLiteral,0,3,0,0,0,1,0,1,0,1
374,Apache DeltaSpike Core-API,org.apache.deltaspike.core.util,PropertyFileUtils,57,0,6,0,20,0,7,0,4,0
375,Apache DeltaSpike Core-API,org.apache.deltaspike.core.util,Annotateds.AnnotatedCallableComparator,36,0,4,0,9,0,3,0,1,0
376,Apache DeltaSpike Core-API,org.apache.deltaspike.core.util,OptionalUtil,18,41,3,3,10,9,4,4,1,4
377,Apache DeltaSpike Core-API,org.apache.deltaspike.core.util,Annotateds,850,0,80,0,179,0,57,0,17,0
378,Apache DeltaSpike Core-API,org.apache.deltaspike.core.util,Annotateds.AnnotatedMethodComparator,57,0,6,0,13,0,6,0,3,0
379,Apache DeltaSpike Core-API,org.apache.deltaspike.core.util,ContextUtils,22,0,4,0,8,0,4,0,2,0
380,Apache DeltaSpike Core-API,org.apache.deltaspike.core.util,ProjectStageProducer,58,56,12,6,17,20,11,8,3,7
381,Apache DeltaSpike Core-API,org.apache.deltaspike.core.util,ClassUtils,238,47,25,5,59,15,28,7,13,7
382,Apache DeltaSpike Core-API,org.apache.deltaspike.core.util,StringUtils,7,10,2,4,1,1,2,3,1,1
383,Apache DeltaSpike Core-API,org.apache.deltaspike.core.util,ClassUtils.GetClassLoaderAction,13,0,0,0,6,0,2,0,2,0
384,Apache DeltaSpike Core-API,org.apache.deltaspike.core.util,CollectionUtils,9,0,4,0,1,0,3,0,1,0
385,Apache DeltaSpike Core-API,org.apache.deltaspike.core.util,BeanUtils,132,0,18,0,26,0,13,0,4,0
386,Apache DeltaSpike Core-API,org.apache.deltaspike.core.util,Annotateds.AnnotatedConstructorComparator,57,0,6,0,13,0,6,0,3,0
387,Apache DeltaSpike Core-API,org.apache.deltaspike.core.util,ParentExtensionStorage,77,0,16,0,25,0,13,0,5,0
388,Apache DeltaSpike Core-API,org.apache.deltaspike.core.util,StreamUtil,16,37,3,5,9,10,4,5,1,4
389,Apache DeltaSpike Core-API,org.apache.deltaspike.core.util,ReflectionUtils,448,48,80,8,92,9,63,7,23,3
390,Apache DeltaSpike Core-API,org.apache.deltaspike.core.util,ExceptionUtils,15,39,0,0,4,9,1,2,1,2
391,Apache DeltaSpike Core-API,org.apache.deltaspike.core.util,ArraysUtils,19,0,4,0,4,0,4,0,2,0
392,Apache DeltaSpike Core-API,org.apache.deltaspike.core.util,ProxyUtils,149,0,34,0,30,0,21,0,4,0
393,Apache DeltaSpike Core-API,org.apache.deltaspike.core.util,ParameterizedTypeImpl,157,0,26,0,30,0,20,0,7,0
394,Apache DeltaSpike Core-API,org.apache.deltaspike.core.util,HierarchyDiscovery,210,143,28,16,41,38,20,13,3,8
395,Apache DeltaSpike Core-API,org.apache.deltaspike.core.util,Annotateds.AnnotationComparator,13,0,0,0,2,0,2,0,2,0
396,Apache DeltaSpike Core-API,org.apache.deltaspike.core.util,AnnotationUtils,232,0,40,0,53,0,25,0,5,0
397,Apache DeltaSpike Core-API,org.apache.deltaspike.core.util,ParentExtensionStorage.ExtensionStorageInfo,37,0,4,0,7,0,6,0,4,0
398,Apache DeltaSpike Core-API,org.apache.deltaspike.core.util,AggregatedClassLoader,86,0,8,0,20,0,8,0,4,0
399,Apache DeltaSpike Core-API,org.apache.deltaspike.core.util,ServiceUtils,35,44,5,5,7,13,3,5,0,3
400,Apache DeltaSpike Core-API,org.apache.deltaspike.core.util,ExceptionUtils.ExceptionHelper,11,15,3,1,3,4,2,1,0,1
401,Apache DeltaSpike Core-API,org.apache.deltaspike.core.util,Annotateds.MethodComparator,11,0,0,0,2,0,2,0,2,0
402,Apache DeltaSpike Core-API,org.apache.deltaspike.core.util,Annotateds.AnnotatedFieldComparator,30,0,2,0,5,0,3,0,2,0
403,Apache DeltaSpike Core-API,org.apache.deltaspike.core.util,ClassDeactivationUtils,92,203,9,21,16,55,7,15,0,7
404,Apache DeltaSpike Core-API,org.apache.deltaspike.core.util,AggregatedClassLoader.new Enumeration() {...},23,0,0,0,4,0,3,0,3,0
405,Apache DeltaSpike Core-API,org.apache.deltaspike.core.util.metadata.builder,ImmutableInjectionPoint,142,0,0,0,43,0,11,0,11,0
406,Apache DeltaSpike Core-API,org.apache.deltaspike.core.util.metadata.builder,AnnotatedImpl,22,48,2,4,5,13,4,5,2,4
407,Apache DeltaSpike Core-API,org.apache.deltaspike.core.util.metadata.builder,AnnotatedConstructorImpl,32,28,3,1,4,6,2,2,0,2
408,Apache DeltaSpike Core-API,org.apache.deltaspike.core.util.metadata.builder,InjectableMethod,112,0,8,0,25,0,10,0,6,0
409,Apache DeltaSpike Core-API,org.apache.deltaspike.core.util.metadata.builder,AnnotatedTypeImpl,55,264,4,20,7,42,4,13,0,5
410,Apache DeltaSpike Core-API,org.apache.deltaspike.core.util.metadata.builder,DelegatingContextualLifecycle,36,0,0,0,13,0,3,0,3,0
411,Apache DeltaSpike Core-API,org.apache.deltaspike.core.util.metadata.builder,AnnotatedMemberImpl,8,16,0,0,2,5,2,2,2,2
412,Apache DeltaSpike Core-API,org.apache.deltaspike.core.util.metadata.builder,AnnotatedMethodImpl,0,16,0,0,0,3,0,1,0,1
413,Apache DeltaSpike Core-API,org.apache.deltaspike.core.util.metadata.builder,AnnotationStore,9,26,0,0,4,7,1,4,1,4
414,Apache DeltaSpike Core-API,org.apache.deltaspike.core.util.metadata.builder,DummyInjectionTarget,11,0,0,0,7,0,7,0,7,0
415,Apache DeltaSpike Core-API,org.apache.deltaspike.core.util.metadata.builder,AnnotatedTypeBuilder,768,1069,94,102,110,179,83,50,23,12
416,Apache DeltaSpike Core-API,org.apache.deltaspike.core.util.metadata.builder,ParameterValueRedefiner.ParameterValue,25,0,0,0,8,0,4,0,4,0
417,Apache DeltaSpike Core-API,org.apache.deltaspike.core.util.metadata.builder,AnnotatedFieldImpl,0,11,0,0,0,2,0,1,0,1
418,Apache DeltaSpike Core-API,org.apache.deltaspike.core.util.metadata.builder,AnnotatedCallableImpl,12,79,3,5,2,16,4,4,1,3
419,Apache DeltaSpike Core-API,org.apache.deltaspike.core.util.metadata.builder,AnnotationBuilder,59,89,6,8,11,23,8,9,4,6
420,Apache DeltaSpike Core-API,org.apache.deltaspike.core.util.metadata.builder,AnnotatedParameterImpl,3,16,0,0,1,5,1,2,1,2
421,Apache DeltaSpike Core-API,org.apache.deltaspike.core.api.config.view.navigation.event,PreViewConfigNavigateEvent,19,0,0,0,8,0,4,0,4,0
422,Apache DeltaSpike Core-API,org.apache.deltaspike.core.api.config.view,ViewRef.Manual,3,0,0,0,1,0,1,0,1,0
423,Apache DeltaSpike Core-API,org.apache.deltaspike.core.api.config.view,ViewRef.ViewRefInlineMetaDataTransformer,22,0,2,0,6,0,3,0,2,0
424,Apache DeltaSpike Core-API,org.apache.deltaspike.core.api.config.view,DefaultErrorView,3,0,0,0,1,0,1,0,1,0
425,Apache DeltaSpike Core-API,org.apache.deltaspike.core.api.config.view,ViewRef.ViewRefTargetViewConfigProvider,6,0,0,0,2,0,2,0,2,0
426,Apache DeltaSpike Core-API,org.apache.deltaspike.core.api.config.view.controller,ViewControllerRef.Descriptor,5,0,0,0,2,0,1,0,1,0
427,Apache DeltaSpike Core-API,org.apache.deltaspike.core.api.config.view.controller,ViewControllerRef.AnnotationPreProcessor,41,0,0,0,10,0,2,0,2,0
428,Apache DeltaSpike Core-API,org.apache.deltaspike.core.util.bean,ImmutablePassivationCapableBeanWrapper,18,0,0,0,4,0,2,0,2,0
429,Apache DeltaSpike Core-API,org.apache.deltaspike.core.util.bean,BaseImmutableBean,221,0,18,0,47,0,21,0,12,0
430,Apache DeltaSpike Core-API,org.apache.deltaspike.core.util.bean,BeanBuilder,451,0,30,0,104,0,55,0,40,0
431,Apache DeltaSpike Core-API,org.apache.deltaspike.core.util.bean,ImmutablePassivationCapableBean,20,0,0,0,4,0,2,0,2,0
432,Apache DeltaSpike Core-API,org.apache.deltaspike.core.util.bean,ImmutableBean,29,0,0,0,6,0,3,0,3,0
433,Apache DeltaSpike Core-API,org.apache.deltaspike.core.util.bean,ImmutableBeanWrapper,29,0,0,0,7,0,3,0,3,0
434,Apache DeltaSpike Core-API,org.apache.deltaspike.core.util.bean,WrappingBeanBuilder,57,0,2,0,7,0,4,0,3,0
435,Apache DeltaSpike Core-API,org.apache.deltaspike.core.util.securitymanaged,SetAccessiblePrivilegedAction,12,0,0,0,5,0,2,0,2,0
436,Apache DeltaSpike Test-Utils,org.apache.deltaspike.test.arquillian,DeltaSpikeTestUtilExtension,14,0,0,0,4,0,2,0,2,0
437,Apache DeltaSpike Test-Utils,org.apache.deltaspike.test.arquillian,TestUtilDependenciesAppender,10,0,0,0,3,0,2,0,2,0
438,Apache DeltaSpike Test-Utils,org.apache.deltaspike.test.arquillian,DeltaSpikeServerUtilAppender,19,0,0,0,5,0,2,0,2,0
439,Apache DeltaSpike Test-Utils,org.apache.deltaspike.test.utils,CdiContainerUnderTest,212,0,24,0,51,0,23,0,11,0
440,Apache DeltaSpike Test-Utils,org.apache.deltaspike.test.utils,Serializer,51,0,0,0,14,0,4,0,4,0
441,Apache DeltaSpike Test-Utils,org.apache.deltaspike.test.utils,ShrinkWrapArchiveUtil,490,0,70,0,103,0,46,0,11,0
442,Apache DeltaSpike Test-Utils,org.apache.deltaspike.test.utils,CdiImplementation,81,0,0,0,12,0,4,0,4,0
443,Apache DeltaSpike Test-Utils,org.apache.deltaspike.test.utils,CdiContainerUnderTest.GetClassLoaderAction,13,0,0,0,6,0,2,0,2,0
444,Apache DeltaSpike Java-SE Scheduler Examples,org.apache.deltaspike.example.scheduler,RequestScopedNumberProvider,17,0,2,0,3,0,3,0,2,0
445,Apache DeltaSpike Java-SE Scheduler Examples,org.apache.deltaspike.example.scheduler,SimpleSchedulerJob1,24,0,0,0,5,0,3,0,3,0
446,Apache DeltaSpike Java-SE Scheduler Examples,org.apache.deltaspike.example.scheduler,GlobalResultHolder,25,0,0,0,7,0,4,0,4,0
447,Apache DeltaSpike Java-SE Scheduler Examples,org.apache.deltaspike.example.scheduler,SimpleSchedulerJob2,24,0,0,0,5,0,3,0,3,0
448,Apache DeltaSpike Java-SE Scheduler Examples,org.apache.deltaspike.example.scheduler,SimpleSchedulerExample,48,0,2,0,14,0,3,0,2,0
449,Apache DeltaSpike Security Example PicketLink,org.apache.deltaspike.example.security.requestedpage.picketlink,LoggedInAccessDecisionVoter,31,0,2,0,9,0,4,0,3,0
450,Apache DeltaSpike Security Example PicketLink,org.apache.deltaspike.example.security.requestedpage.picketlink,LoggedInAccessDecisionVoter.new SecurityViolation() {...},8,0,0,0,2,0,2,0,2,0
451,Apache DeltaSpike Security Example PicketLink,org.apache.deltaspike.example.security.requestedpage.picketlink,Pages.Secure.Home,3,0,0,0,1,0,1,0,1,0
452,Apache DeltaSpike Security Example PicketLink,org.apache.deltaspike.example.security.requestedpage.picketlink,Initializer,32,0,0,0,9,0,2,0,2,0
453,Apache DeltaSpike Security Example PicketLink,org.apache.deltaspike.example.security.requestedpage.picketlink,Pages.Login,3,0,0,0,1,0,1,0,1,0
454,Apache DeltaSpike Security Example PicketLink,org.apache.deltaspike.example.security.requestedpage.picketlink,AuthenticationListener,15,0,0,0,5,0,3,0,3,0
455,Apache DeltaSpike Security Example CDI,org.apache.deltaspike.example.security.requestedpage.cdi,LoggedInAccessDecisionVoter.new SecurityViolation() {...},8,0,0,0,2,0,2,0,2,0
456,Apache DeltaSpike Security Example CDI,org.apache.deltaspike.example.security.requestedpage.cdi,UserEvent.LoggedIn,3,0,0,0,1,0,1,0,1,0
457,Apache DeltaSpike Security Example CDI,org.apache.deltaspike.example.security.requestedpage.cdi,Pages.Login,3,0,0,0,1,0,1,0,1,0
458,Apache DeltaSpike Security Example CDI,org.apache.deltaspike.example.security.requestedpage.cdi,LoggedInAccessDecisionVoter,31,0,2,0,9,0,4,0,3,0
459,Apache DeltaSpike Security Example CDI,org.apache.deltaspike.example.security.requestedpage.cdi,UserEvent,3,0,0,0,1,0,1,0,1,0
460,Apache DeltaSpike Security Example CDI,org.apache.deltaspike.example.security.requestedpage.cdi,Pages.Secure.Home,3,0,0,0,1,0,1,0,1,0
461,Apache DeltaSpike Security Example CDI,org.apache.deltaspike.example.security.requestedpage.cdi,LoginController,62,0,4,0,19,0,11,0,9,0
462,Apache DeltaSpike Security Example CDI,org.apache.deltaspike.example.security.requestedpage.cdi,AuthenticationListener,21,0,0,0,7,0,3,0,3,0
463,Apache DeltaSpike Security Example CDI,org.apache.deltaspike.example.security.requestedpage.cdi,UserEvent.LoginFailed,3,0,0,0,1,0,1,0,1,0
464,Apache DeltaSpike Test-Control-Module Impl,org.apache.deltaspike.testcontrol.impl.mock,AbstractMockManager,28,117,5,19,6,24,5,11,1,3
465,Apache DeltaSpike Test-Control-Module Impl,org.apache.deltaspike.testcontrol.impl.mock,BeanCacheKey.AnnotationComparator,163,50,40,6,37,15,23,2,0,2
466,Apache DeltaSpike Test-Control-Module Impl,org.apache.deltaspike.testcontrol.impl.mock,BeanCacheKey,123,127,30,18,23,29,22,11,1,8
467,Apache DeltaSpike Test-Control-Module Impl,org.apache.deltaspike.testcontrol.impl.mock,SimpleMockManager,0,18,0,2,0,5,0,3,0,2
468,Apache DeltaSpike Test-Control-Module Impl,org.apache.deltaspike.testcontrol.impl.mock,MockAwareInjectionTargetWrapper,0,83,0,4,0,24,0,9,0,7
469,Apache DeltaSpike Test-Control-Module Impl,org.apache.deltaspike.testcontrol.impl.mock,DefaultMockFilter,61,191,23,33,13,41,19,18,1,8
470,Apache DeltaSpike Test-Control-Module Impl,org.apache.deltaspike.testcontrol.impl.mock,MockExtension,3,232,5,29,3,51,5,17,0,5
471,Apache DeltaSpike Test-Control-Module Impl,org.apache.deltaspike.testcontrol.impl.mock,SimpleApplicationMockManager,0,3,0,0,0,1,0,1,0,1
472,Apache DeltaSpike Test-Control-Module Impl,org.apache.deltaspike.testcontrol.impl.mock,MockAwareProducerWrapper,6,61,2,2,2,16,2,4,0,4
473,Apache DeltaSpike Test-Control-Module Impl,org.apache.deltaspike.testcontrol.impl.request,ContextControlDecorator,83,51,13,9,22,13,10,8,1,6
474,Apache DeltaSpike Test-Control-Module Impl,org.apache.deltaspike.testcontrol.impl.validation,StandardContextTestControlValidator,46,84,6,10,4,26,5,10,0,7
475,Apache DeltaSpike Test-Control-Module Impl,org.apache.deltaspike.testcontrol.impl.jsf,MockedJsfTestContainerAdapter,50,0,8,0,17,0,10,0,6,0
476,Apache DeltaSpike Test-Control-Module Impl,org.apache.deltaspike.testcontrol.impl.jsf,MyFacesTestBaseConfig,0,12,0,0,0,5,0,1,0,1
477,Apache DeltaSpike Test-Control-Module Impl,org.apache.deltaspike.testcontrol.impl.jsf,MockedJsf2TestContainer,34,363,8,14,6,104,9,24,1,21
478,Apache DeltaSpike Test-Control-Module Impl,org.apache.deltaspike.testcontrol.impl.jsf,MyFacesContainerAdapter.new MyFacesContainer() {...},23,60,4,2,4,14,3,4,0,4
479,Apache DeltaSpike Test-Control-Module Impl,org.apache.deltaspike.testcontrol.impl.jsf,MyFacesContainerPerTestMethodAdapter,2,45,0,2,1,16,1,9,1,8
480,Apache DeltaSpike Test-Control-Module Impl,org.apache.deltaspike.testcontrol.impl.jsf,MyFacesContainerAdapter,15,103,4,10,3,27,5,13,1,10
481,Apache DeltaSpike Test-Control-Module Impl,org.apache.deltaspike.testcontrol.impl.transaction,TransactionStatementDecoratorFactory.TransactionAwareRunAfters,65,94,11,9,20,23,8,5,0,3
482,Apache DeltaSpike Test-Control-Module Impl,org.apache.deltaspike.testcontrol.impl.transaction,TransactionStatementDecoratorFactory,2,25,0,0,1,7,1,4,1,4
483,Apache DeltaSpike JSF Playground,org.apache.deltaspike.playground.windowhandling,ViewActionController,47,0,0,0,11,0,5,0,5,0
484,Apache DeltaSpike JSF Playground,org.apache.deltaspike.playground.scope.viewaccess,ViewAccessScopedBean,22,0,0,0,10,0,6,0,6,0
485,Apache DeltaSpike JSF Playground,org.apache.deltaspike.playground,PlaygroundClientWindowConfig,45,0,10,0,14,0,7,0,2,0
486,Apache DeltaSpike JSF Playground,org.apache.deltaspike.playground,PlaygroundJsfModuleConfig,5,0,0,0,2,0,2,0,2,0
487,Apache DeltaSpike JSF Playground,org.apache.deltaspike.playground.exception,TestExceptionController,7,0,0,0,2,0,2,0,2,0
488,Apache DeltaSpike JSF Playground,org.apache.deltaspike.playground.exception,TestException,3,0,0,0,1,0,1,0,1,0
489,Apache DeltaSpike JSF Playground,org.apache.deltaspike.playground.exception,TestExceptionHandler,9,0,0,0,4,0,2,0,2,0
490,Apache DeltaSpike Test-Control-Module API,org.apache.deltaspike.testcontrol.api.junit,CdiTestSuiteRunner,84,0,6,0,32,0,13,0,10,0
491,Apache DeltaSpike Test-Control-Module API,org.apache.deltaspike.testcontrol.api.junit,CdiTestSuiteRunner.LogRunListener,115,0,0,0,23,0,4,0,4,0
492,Apache DeltaSpike Test-Control-Module API,org.apache.deltaspike.testcontrol.api.junit,CdiTestRunner.ContainerAwareMethodInvoker,84,0,10,0,23,0,8,0,3,0
493,Apache DeltaSpike Test-Control-Module API,org.apache.deltaspike.testcontrol.api.junit,CdiTestRunner.AfterClassStatement,19,0,0,0,7,0,2,0,2,0
494,Apache DeltaSpike Test-Control-Module API,org.apache.deltaspike.testcontrol.api.junit,CdiTestRunner,318,0,28,0,80,0,30,0,16,0
495,Apache DeltaSpike Test-Control-Module API,org.apache.deltaspike.testcontrol.api.junit,TestBaseConfig.ContainerIntegration,23,0,0,0,10,0,1,0,1,0
496,Apache DeltaSpike Test-Control-Module API,org.apache.deltaspike.testcontrol.api.junit,TestBaseConfig.MockIntegration,34,0,0,0,16,0,1,0,1,0
497,Apache DeltaSpike Test-Control-Module API,org.apache.deltaspike.testcontrol.api.junit,CdiTestRunner.new Statement() {...},21,0,0,0,2,0,2,0,2,0
498,Apache DeltaSpike Test-Control-Module API,org.apache.deltaspike.testcontrol.api.junit,CdiTestRunner.new Comparator() {...},15,0,2,0,2,0,3,0,2,0
499,Apache DeltaSpike Test-Control-Module API,org.apache.deltaspike.testcontrol.api.junit,CdiTestRunner.BeforeClassStatement,24,0,0,0,8,0,2,0,2,0
500,Apache DeltaSpike Test-Control-Module API,org.apache.deltaspike.testcontrol.api.junit,CdiTestRunner.ContainerAwareTestContext,651,0,88,0,174,0,63,0,19,0
501,Apache DeltaSpike Test-Control-Module API,org.apache.deltaspike.testcontrol.api.junit,CdiTestRunner.ContainerAwareTestContext.new Comparator() {...},15,0,2,0,2,0,3,0,2,0
502,Apache DeltaSpike Test-Control-Module API,org.apache.deltaspike.testcontrol.api.literal,TestControlLiteral,24,0,0,0,7,0,5,0,5,0
503,Apache DeltaSpike Scheduler-Module Impl,org.apache.deltaspike.scheduler.impl,JobQuartzScheduler,2,3,0,0,1,1,1,1,1,1
504,Apache DeltaSpike Scheduler-Module Impl,org.apache.deltaspike.scheduler.impl,SchedulerBaseConfig,0,10,0,0,0,4,0,1,0,1
505,Apache DeltaSpike Scheduler-Module Impl,org.apache.deltaspike.scheduler.impl,SchedulerBaseConfig.JobCustomization,0,37,0,0,0,17,0,1,0,1
506,Apache DeltaSpike Scheduler-Module Impl,org.apache.deltaspike.scheduler.impl,AbstractQuartzScheduler,622,16,54,0,165,4,44,2,17,2
507,Apache DeltaSpike Scheduler-Module Impl,org.apache.deltaspike.scheduler.impl,SchedulerProducer,0,7,0,0,0,2,0,2,0,2
508,Apache DeltaSpike Scheduler-Module Impl,org.apache.deltaspike.scheduler.impl,JobRunnableAdapter,30,0,0,0,9,0,2,0,2,0
509,Apache DeltaSpike Scheduler-Module Impl,org.apache.deltaspike.scheduler.impl,RunnableQuartzScheduler,16,3,0,0,6,1,3,1,3,1
510,Apache DeltaSpike Scheduler-Module Impl,org.apache.deltaspike.scheduler.impl,CdiAwareJobFactory,42,0,2,0,13,0,3,0,2,0
511,Apache DeltaSpike Scheduler-Module Impl,org.apache.deltaspike.scheduler.impl,SchedulerBaseConfig.LifecycleIntegration,0,35,0,0,0,15,0,1,0,1
512,Apache DeltaSpike Scheduler-Module Impl,org.apache.deltaspike.scheduler.impl,AbstractQuartzScheduler.JobListenerContext,65,0,8,0,15,0,7,0,3,0
513,Apache DeltaSpike Scheduler-Module Impl,org.apache.deltaspike.scheduler.impl,SchedulerExtension,123,269,28,34,28,64,23,19,0,11
514,Apache DeltaSpike Scheduler-Module Impl,org.apache.deltaspike.scheduler.impl,QuartzSchedulerProducer,6,0,0,0,2,0,2,0,2,0
515,Apache DeltaSpike Scheduler-Module Impl,org.apache.deltaspike.scheduler.impl,AbstractQuartzScheduler.InjectionAwareJobListener,82,0,10,0,29,0,11,0,6,0
516,Apache DeltaSpike Scheduler-Module Impl,org.apache.deltaspike.scheduler.impl,DynamicExpressionObserverJob,108,5,2,0,26,1,3,1,2,1
517,Apache DeltaSpike Data-Module API,org.apache.deltaspike.data.api,AbstractEntityRepository,3,0,0,0,1,0,1,0,1,0
518,Apache DeltaSpike Data-Module API,org.apache.deltaspike.data.api,QueryInvocationException,122,0,0,0,21,0,6,0,6,0
519,Apache DeltaSpike Data-Module API,org.apache.deltaspike.data.api,AbstractFullEntityRepository,3,0,0,0,1,0,1,0,1,0
520,Apache DeltaSpike Data-Module API,org.apache.deltaspike.data.api,EntityGraphType,37,0,0,0,7,0,3,0,3,0
521,Apache DeltaSpike Data-Module API,org.apache.deltaspike.data.api,SingleResultType,34,0,0,0,4,0,1,0,1,0
522,Apache DeltaSpike Data-Module API,org.apache.deltaspike.data.api.mapping,SimpleQueryInOutMapperBase,42,75,4,12,9,18,6,9,2,5
523,Apache DeltaSpike BeanValidation-Module Impl,org.apache.deltaspike.beanvalidation.impl,CDIAwareConstraintValidatorFactory,123,29,22,2,24,9,14,2,2,2
524,Apache DeltaSpike JSF Examples,org.apache.deltaspike.example.window,SampleClientWindowConfig,5,0,0,0,2,0,2,0,2,0
525,Apache DeltaSpike JSF Examples,org.apache.deltaspike.example.scope,RequestScopedBean,6,0,0,0,3,0,2,0,2,0
526,Apache DeltaSpike JSF Examples,org.apache.deltaspike.example.scope,ViewScopedBean,6,0,0,0,3,0,2,0,2,0
527,Apache DeltaSpike JSF Examples,org.apache.deltaspike.example.scope,SessionScopedBean,6,0,0,0,3,0,2,0,2,0
528,Apache DeltaSpike JSF Examples,org.apache.deltaspike.example.scope,ApplicationScopedBean,6,0,0,0,3,0,2,0,2,0
529,Apache DeltaSpike JSF Examples,org.apache.deltaspike.example.scope,ViewAccessScopedBean,6,0,0,0,3,0,2,0,2,0
530,Apache DeltaSpike JSF Examples,org.apache.deltaspike.example.scope,WindowScopedBean,6,0,0,0,3,0,2,0,2,0
531,Apache DeltaSpike JSF Examples,org.apache.deltaspike.example.scope,ScopedBean,12,0,0,0,4,0,3,0,3,0
532,Apache DeltaSpike JSF Examples,org.apache.deltaspike.example.message,CustomMessageResolver,31,0,4,0,7,0,5,0,3,0
533,Apache DeltaSpike JSF Examples,org.apache.deltaspike.example.message,LanguageView,53,0,0,0,17,0,10,0,10,0
534,Apache DeltaSpike JSF Examples,org.apache.deltaspike.example.message,ControllerView,35,0,0,0,8,0,6,0,6,0
535,Apache DeltaSpike JSF Examples,org.apache.deltaspike.example.message,MessageFormatMessageInterpolator,7,0,0,0,2,0,2,0,2,0
536,Apache DeltaSpike JSF Examples,org.apache.deltaspike.example.viewconfig,Pages.ViewConfigFolder.RedirectedPage,3,0,0,0,1,0,1,0,1,0
537,Apache DeltaSpike JSF Examples,org.apache.deltaspike.example.viewconfig,Pages.ViewConfigFolder.AllowedPage,3,0,0,0,1,0,1,0,1,0
538,Apache DeltaSpike JSF Examples,org.apache.deltaspike.example.viewconfig,DenyAllAccessDecisionVoter,16,0,0,0,4,0,2,0,2,0
539,Apache DeltaSpike JSF Examples,org.apache.deltaspike.example.viewconfig,DenyAllAccessDecisionVoter.new SecurityViolation() {...},8,0,0,0,2,0,2,0,2,0
540,Apache DeltaSpike JSF Examples,org.apache.deltaspike.example.viewconfig,MyBean,9,0,0,0,3,0,2,0,2,0
541,Apache DeltaSpike JSF Examples,org.apache.deltaspike.example.viewconfig,Pages.ViewConfigFolder.SecuredPage,3,0,0,0,1,0,1,0,1,0
542,Apache DeltaSpike JSF Examples,org.apache.deltaspike.example.viewconfig,PageController,21,0,0,0,8,0,6,0,6,0
543,Apache DeltaSpike JSF Examples,org.apache.deltaspike.example.viewconfig,Pages.ViewConfigFolder.ViewConfigPage,3,0,0,0,1,0,1,0,1,0
544,Apache DeltaSpike JSF Examples,org.apache.deltaspike.example.viewconfig,Pages.ViewConfigFolder.NavigationParameterPage,3,0,0,0,1,0,1,0,1,0
,,,,34009,16399,3960,1601,8336,3954,3994,1360,1759,807
,,,,,,,,,,,,,
,,Code Coverage,,0.325325345,,,,,,,,,
,,BranchCoverage,,0.28789786,,,,,,,,,
