,GROUP,PACKAGE,CLASS,INSTRUCTION_MISSED,INSTRUCTION_COVERED,BRANCH_MISSED,BRANCH_COVERED,LINE_MISSED,LINE_COVERED,COMPLEXITY_MISSED,COMPLEXITY_COVERED,METHOD_MISSED,METHOD_COVERED
0,Doxia :: XHTML Module,org.apache.maven.doxia.module.xhtml,XhtmlSinkFactory,16,0,0,0,3,0,3,0,3,0
1,Doxia :: XHTML Module,org.apache.maven.doxia.module.xhtml,AbstractXhtmlSink,3,0,0,0,1,0,1,0,1,0
2,Doxia :: XHTML Module,org.apache.maven.doxia.module.xhtml,XhtmlParser,51,262,3,43,6,64,3,24,0,4
3,Doxia :: XHTML Module,org.apache.maven.doxia.module.xhtml,XhtmlSink,6,184,1,9,2,59,1,17,0,13
4,Doxia :: XHTML Module,org.apache.maven.doxia.module.xhtml,XhtmlSiteModule,6,0,0,0,2,0,1,0,1,0
5,Doxia :: XDoc Module,org.apache.maven.doxia.module.xdoc,XdocParser,95,738,10,106,16,175,10,61,0,13
6,Doxia :: XDoc Module,org.apache.maven.doxia.module.xdoc,XmlWriterXdocSink,87,0,4,0,21,0,5,0,3,0
7,Doxia :: XDoc Module,org.apache.maven.doxia.module.xdoc,XdocMarkup,0,33,0,0,0,8,0,1,0,1
8,Doxia :: XDoc Module,org.apache.maven.doxia.module.xdoc,XdocSiteModule,6,0,0,0,2,0,1,0,1,0
9,Doxia :: XDoc Module,org.apache.maven.doxia.module.xdoc,XdocMarkup.new HTML.Tag() {...},0,5,0,0,0,2,0,2,0,2
10,Doxia :: XDoc Module,org.apache.maven.doxia.module.xdoc,XdocMarkup.new HTML.Tag() {...},0,5,0,0,0,2,0,2,0,2
11,Doxia :: XDoc Module,org.apache.maven.doxia.module.xdoc,XdocMarkup.new HTML.Tag() {...},0,5,0,0,0,2,0,2,0,2
12,Doxia :: XDoc Module,org.apache.maven.doxia.module.xdoc,XdocMarkup.new HTML.Tag() {...},0,5,0,0,0,2,0,2,0,2
13,Doxia :: XDoc Module,org.apache.maven.doxia.module.xdoc,XdocMarkup.new HTML.Tag() {...},0,5,0,0,0,2,0,2,0,2
14,Doxia :: XDoc Module,org.apache.maven.doxia.module.xdoc,XdocMarkup.new HTML.Tag() {...},0,5,0,0,0,2,0,2,0,2
15,Doxia :: XDoc Module,org.apache.maven.doxia.module.xdoc,XdocMarkup.new HTML.Tag() {...},0,5,0,0,0,2,0,2,0,2
16,Doxia :: XDoc Module,org.apache.maven.doxia.module.xdoc,XdocSinkFactory,16,0,0,0,3,0,3,0,3,0
17,Doxia :: XDoc Module,org.apache.maven.doxia.module.xdoc,XdocMarkup.new HTML.Tag() {...},0,5,0,0,0,2,0,2,0,2
18,Doxia :: XDoc Module,org.apache.maven.doxia.module.xdoc,XdocSink,11,481,4,48,4,142,5,46,1,24
19,Doxia :: RTF Module,org.apache.maven.doxia.module.rtf,RomanNumerals,212,0,6,0,12,0,7,0,4,0
20,Doxia :: RTF Module,org.apache.maven.doxia.module.rtf,MonospaceBold,3092,0,0,0,3,0,2,0,2,0
21,Doxia :: RTF Module,org.apache.maven.doxia.module.rtf,RtfSink.Counter,0,24,0,0,0,10,0,5,0,5
22,Doxia :: RTF Module,org.apache.maven.doxia.module.rtf,RtfSink.Paragraph,50,221,5,16,6,43,5,11,0,4
23,Doxia :: RTF Module,org.apache.maven.doxia.module.rtf,RtfSink.Row,0,44,0,4,0,12,0,5,0,3
24,Doxia :: RTF Module,org.apache.maven.doxia.module.rtf,Serif,0,3092,0,0,0,3,0,2,0,2
25,Doxia :: RTF Module,org.apache.maven.doxia.module.rtf,PBMReader,159,0,20,0,42,0,19,0,8,0
26,Doxia :: RTF Module,org.apache.maven.doxia.module.rtf,SerifBoldItalic,3092,0,0,0,3,0,2,0,2,0
27,Doxia :: RTF Module,org.apache.maven.doxia.module.rtf,RtfSink.Item,0,9,0,0,0,4,0,1,0,1
28,Doxia :: RTF Module,org.apache.maven.doxia.module.rtf,Font.TextExtents,0,12,0,0,0,5,0,1,0,1
29,Doxia :: RTF Module,org.apache.maven.doxia.module.rtf,RtfSinkFactory,9,0,0,0,2,0,2,0,2,0
30,Doxia :: RTF Module,org.apache.maven.doxia.module.rtf,RtfSink,884,1841,76,99,195,482,75,133,18,94
31,Doxia :: RTF Module,org.apache.maven.doxia.module.rtf,SansSerif,3092,0,0,0,3,0,2,0,2,0
32,Doxia :: RTF Module,org.apache.maven.doxia.module.rtf,RtfSink.Space,0,101,2,2,0,27,2,8,0,8
33,Doxia :: RTF Module,org.apache.maven.doxia.module.rtf,WMFWriter.Dib,377,0,46,0,85,0,28,0,5,0
34,Doxia :: RTF Module,org.apache.maven.doxia.module.rtf,SerifItalic,3092,0,0,0,3,0,2,0,2,0
35,Doxia :: RTF Module,org.apache.maven.doxia.module.rtf,WMFWriter.Record,97,0,14,0,21,0,11,0,4,0
36,Doxia :: RTF Module,org.apache.maven.doxia.module.rtf,MonospaceItalic,3092,0,0,0,3,0,2,0,2,0
37,Doxia :: RTF Module,org.apache.maven.doxia.module.rtf,RtfSink.Context,0,44,1,1,0,11,1,4,0,4
38,Doxia :: RTF Module,org.apache.maven.doxia.module.rtf,WMFWriter.DibBitBltRecord,31,0,0,0,10,0,3,0,3,0
39,Doxia :: RTF Module,org.apache.maven.doxia.module.rtf,AlphaNumerals,11,33,2,4,3,9,4,2,2,1
40,Doxia :: RTF Module,org.apache.maven.doxia.module.rtf,Font,14,87,1,7,3,19,3,6,2,3
41,Doxia :: RTF Module,org.apache.maven.doxia.module.rtf,PBMReader.HeaderReader,196,0,24,0,52,0,18,0,5,0
42,Doxia :: RTF Module,org.apache.maven.doxia.module.rtf,SerifBold,0,3092,0,0,0,3,0,2,0,2
43,Doxia :: RTF Module,org.apache.maven.doxia.module.rtf,Monospace,0,3092,0,0,0,3,0,2,0,2
44,Doxia :: RTF Module,org.apache.maven.doxia.module.rtf,RtfSink.Indentation,0,51,1,1,0,14,1,5,0,5
45,Doxia :: RTF Module,org.apache.maven.doxia.module.rtf,RtfSink.Cell,1,107,2,8,1,25,2,6,0,3
46,Doxia :: RTF Module,org.apache.maven.doxia.module.rtf,SansSerifItalic,3092,0,0,0,3,0,2,0,2,0
47,Doxia :: RTF Module,org.apache.maven.doxia.module.rtf,RtfSink.Line,0,13,0,0,0,4,0,2,0,2
48,Doxia :: RTF Module,org.apache.maven.doxia.module.rtf,FontMetrics,5,68,1,3,2,19,1,4,0,2
49,Doxia :: RTF Module,org.apache.maven.doxia.module.rtf,RtfSink.Table,1,93,1,9,1,21,1,7,0,3
50,Doxia :: RTF Module,org.apache.maven.doxia.module.rtf,WMFWriter,384,0,14,0,89,0,20,0,13,0
51,Doxia :: RTF Module,org.apache.maven.doxia.module.rtf,FontMetrics.CharMetrics,0,27,0,0,0,8,0,1,0,1
52,Doxia :: RTF Module,org.apache.maven.doxia.module.rtf,MonospaceBoldItalic,3092,0,0,0,3,0,2,0,2,0
53,Doxia :: RTF Module,org.apache.maven.doxia.module.rtf,SansSerifBold,3092,0,0,0,3,0,2,0,2,0
54,Doxia :: RTF Module,org.apache.maven.doxia.module.rtf,RtfSink.Box,0,9,0,0,0,4,0,1,0,1
55,Doxia :: RTF Module,org.apache.maven.doxia.module.rtf,SansSerifBoldItalic,3092,0,0,0,3,0,2,0,2,0
56,Doxia :: Latex Module,org.apache.maven.doxia.module.latex,LatexSink,158,1321,36,69,51,368,40,146,5,117
57,Doxia :: Latex Module,org.apache.maven.doxia.module.latex,LatexSinkFactory,8,0,0,0,2,0,2,0,2,0
58,Doxia :: iText Module,org.apache.maven.doxia.module.itext,ITextSinkFactory,26,0,2,0,6,0,5,0,4,0
59,Doxia :: iText Module,org.apache.maven.doxia.module.itext,ITextSink,415,2478,53,67,95,677,54,117,8,98
60,Doxia :: iText Module,org.apache.maven.doxia.module.itext,ITextUtil,63,107,5,15,14,28,7,10,2,5
61,Doxia :: iText Module,org.apache.maven.doxia.module.itext,ITextFont,31,231,5,21,9,70,5,31,0,21
62,Doxia :: iText Module,org.apache.maven.doxia.module.itext,ITextHeader,24,53,5,5,6,17,5,7,0,7
63,Doxia :: iText Module,org.apache.maven.doxia.module.itext,SinkActionContext,2,30,1,1,1,8,1,4,0,4
64,Doxia :: FML Module,org.apache.maven.doxia.module.fml.model,Faqs,183,39,30,2,37,13,23,7,8,6
65,Doxia :: FML Module,org.apache.maven.doxia.module.fml.model,Part,182,34,34,2,32,12,22,8,5,7
66,Doxia :: FML Module,org.apache.maven.doxia.module.fml.model,Faq,172,24,34,0,28,10,20,7,3,7
67,Doxia :: FML Module,org.apache.maven.doxia.module.fml,FmlContentParser,50,109,3,23,5,29,3,14,0,4
68,Doxia :: FML Module,org.apache.maven.doxia.module.fml,FmlSiteModule,6,0,0,0,2,0,1,0,1,0
69,Doxia :: FML Module,org.apache.maven.doxia.module.fml,FmlMarkup,0,29,0,0,0,7,0,1,0,1
70,Doxia :: FML Module,org.apache.maven.doxia.module.fml,FmlMarkup.new HTML.Tag() {...},0,5,0,0,0,2,0,2,0,2
71,Doxia :: FML Module,org.apache.maven.doxia.module.fml,FmlMarkup.new HTML.Tag() {...},0,5,0,0,0,2,0,2,0,2
72,Doxia :: FML Module,org.apache.maven.doxia.module.fml,FmlMarkup.new HTML.Tag() {...},0,5,0,0,0,2,0,2,0,2
73,Doxia :: FML Module,org.apache.maven.doxia.module.fml,FmlMarkup.new HTML.Tag() {...},0,5,0,0,0,2,0,2,0,2
74,Doxia :: FML Module,org.apache.maven.doxia.module.fml,FmlMarkup.new HTML.Tag() {...},0,5,0,0,0,2,0,2,0,2
75,Doxia :: FML Module,org.apache.maven.doxia.module.fml,FmlMarkup.new HTML.Tag() {...},0,5,0,0,0,2,0,2,0,2
76,Doxia :: FML Module,org.apache.maven.doxia.module.fml,FmlMarkup.new HTML.Tag() {...},0,5,0,0,0,2,0,2,0,2
77,Doxia :: FML Module,org.apache.maven.doxia.module.fml,FmlParser,445,961,50,86,61,232,44,40,1,15
78,Doxia :: Confluence Module,org.apache.maven.doxia.module.confluence.parser,VerbatimBlock,0,16,0,0,0,7,0,2,0,2
79,Doxia :: Confluence Module,org.apache.maven.doxia.module.confluence.parser,ParagraphBlockParser,5,103,1,13,1,26,1,11,0,5
80,Doxia :: Confluence Module,org.apache.maven.doxia.module.confluence.parser,ParagraphBlock,0,29,0,4,0,12,0,6,0,4
81,Doxia :: Confluence Module,org.apache.maven.doxia.module.confluence.parser,HorizontalRuleBlock,0,6,0,0,0,3,0,2,0,2
82,Doxia :: Confluence Module,org.apache.maven.doxia.module.confluence.parser,FigureBlock,0,42,1,3,0,15,1,4,0,3
83,Doxia :: Confluence Module,org.apache.maven.doxia.module.confluence.parser,LinethroughBlock,0,24,0,0,0,5,0,2,0,2
84,Doxia :: Confluence Module,org.apache.maven.doxia.module.confluence.parser,AbstractFatherBlock,5,33,1,3,1,11,1,4,0,3
85,Doxia :: Confluence Module,org.apache.maven.doxia.module.confluence.parser,MonospaceBlock,0,10,0,0,0,6,0,3,0,3
86,Doxia :: Confluence Module,org.apache.maven.doxia.module.confluence.parser,FigureBlockParser,13,103,2,14,1,19,2,10,0,4
87,Doxia :: Confluence Module,org.apache.maven.doxia.module.confluence.parser,DefinitionListBlockParser,0,120,4,24,0,24,4,15,0,5
88,Doxia :: Confluence Module,org.apache.maven.doxia.module.confluence.parser,SectionBlock,0,102,2,18,0,36,2,10,0,2
89,Doxia :: Confluence Module,org.apache.maven.doxia.module.confluence.parser,SectionBlockParser,0,78,0,10,0,18,0,8,0,3
90,Doxia :: Confluence Module,org.apache.maven.doxia.module.confluence.parser,TextBlock,0,11,0,0,0,5,0,2,0,2
91,Doxia :: Confluence Module,org.apache.maven.doxia.module.confluence.parser,SupBlock,0,24,0,0,0,5,0,2,0,2
92,Doxia :: Confluence Module,org.apache.maven.doxia.module.confluence.parser,HorizontalRuleBlockParser,0,11,0,0,0,3,0,3,0,3
93,Doxia :: Confluence Module,org.apache.maven.doxia.module.confluence.parser,ItalicBlock,0,10,0,0,0,6,0,3,0,3
94,Doxia :: Confluence Module,org.apache.maven.doxia.module.confluence.parser,DefinitionListBlock,0,49,1,3,0,16,1,3,0,2
95,Doxia :: Confluence Module,org.apache.maven.doxia.module.confluence.parser,LinkBlock,5,24,2,2,1,9,2,2,0,2
96,Doxia :: Confluence Module,org.apache.maven.doxia.module.confluence.parser,UnderlineBlock,0,24,0,0,0,5,0,2,0,2
97,Doxia :: Confluence Module,org.apache.maven.doxia.module.confluence.parser,LinebreakBlock,0,6,0,0,0,3,0,2,0,2
98,Doxia :: Confluence Module,org.apache.maven.doxia.module.confluence.parser,VerbatimBlockParser,0,50,1,9,0,11,1,8,0,4
99,Doxia :: Confluence Module,org.apache.maven.doxia.module.confluence.parser,AnchorBlock,5,15,1,1,1,7,1,2,0,2
100,Doxia :: Confluence Module,org.apache.maven.doxia.module.confluence.parser,ChildBlocksBuilder,45,767,12,100,6,157,11,56,0,6
101,Doxia :: Confluence Module,org.apache.maven.doxia.module.confluence.parser,SubBlock,0,24,0,0,0,5,0,2,0,2
102,Doxia :: Confluence Module,org.apache.maven.doxia.module.confluence.parser,BoldBlock,0,10,0,0,0,6,0,3,0,3
103,Doxia :: Confluence Module,org.apache.maven.doxia.module.confluence.parser.list,BulletedListBlock,0,10,0,0,0,6,0,3,0,3
104,Doxia :: Confluence Module,org.apache.maven.doxia.module.confluence.parser.list,NumberedListBlock,0,11,0,0,0,6,0,3,0,3
105,Doxia :: Confluence Module,org.apache.maven.doxia.module.confluence.parser.list,ListItemBlock,3,25,0,2,1,11,1,5,1,4
106,Doxia :: Confluence Module,org.apache.maven.doxia.module.confluence.parser.list,ListBlock,0,4,0,0,0,2,0,1,0,1
107,Doxia :: Confluence Module,org.apache.maven.doxia.module.confluence.parser.list,ListBlockParser,0,193,1,43,0,37,1,28,0,7
108,Doxia :: Confluence Module,org.apache.maven.doxia.module.confluence.parser.list,TreeListBuilder,23,158,5,15,3,33,4,11,0,5
109,Doxia :: Confluence Module,org.apache.maven.doxia.module.confluence.parser.list,TreeComponent,61,62,5,3,12,20,5,9,2,8
110,Doxia :: Confluence Module,org.apache.maven.doxia.module.confluence.parser.table,TableBlockParser,13,305,6,26,2,50,6,15,0,5
111,Doxia :: Confluence Module,org.apache.maven.doxia.module.confluence.parser.table,TableRowBlock,0,10,0,0,0,6,0,3,0,3
112,Doxia :: Confluence Module,org.apache.maven.doxia.module.confluence.parser.table,TableBlock,0,42,0,2,0,13,0,5,0,4
113,Doxia :: Confluence Module,org.apache.maven.doxia.module.confluence.parser.table,TableCellBlock,0,10,0,0,0,6,0,3,0,3
114,Doxia :: Confluence Module,org.apache.maven.doxia.module.confluence.parser.table,TableCellHeaderBlock,0,10,0,0,0,6,0,3,0,3
115,Doxia :: Confluence Module,org.apache.maven.doxia.module.confluence,ConfluenceSiteModule,6,0,0,0,2,0,1,0,1,0
116,Doxia :: Confluence Module,org.apache.maven.doxia.module.confluence,ConfluenceSink,99,597,9,35,56,231,36,115,28,101
117,Doxia :: Confluence Module,org.apache.maven.doxia.module.confluence,ConfluenceParser,11,186,0,10,2,37,0,9,0,4
118,Doxia :: Confluence Module,org.apache.maven.doxia.module.confluence,ConfluenceSinkFactory,8,0,0,0,2,0,2,0,2,0
119,Doxia :: APT Module,org.apache.maven.doxia.module.apt,AptParser.Paragraph,0,24,0,0,0,7,0,2,0,2
120,Doxia :: APT Module,org.apache.maven.doxia.module.apt,AptParser.HorizontalRule,0,15,0,0,0,5,0,2,0,2
121,Doxia :: APT Module,org.apache.maven.doxia.module.apt,AptParser,365,1895,130,257,93,463,121,126,2,28
122,Doxia :: APT Module,org.apache.maven.doxia.module.apt,AptParseException,24,0,0,0,8,0,4,0,4,0
123,Doxia :: APT Module,org.apache.maven.doxia.module.apt,AptParser.DefinitionListItem,0,50,1,1,0,13,1,2,0,2
124,Doxia :: APT Module,org.apache.maven.doxia.module.apt,AptParser.ListItem,0,15,0,0,0,5,0,2,0,2
125,Doxia :: APT Module,org.apache.maven.doxia.module.apt,AptParser.Section2,0,20,0,0,0,7,0,3,0,3
126,Doxia :: APT Module,org.apache.maven.doxia.module.apt,AptParser.Section3,0,20,0,0,0,7,0,3,0,3
127,Doxia :: APT Module,org.apache.maven.doxia.module.apt,AptMarkup,0,178,0,0,0,32,0,1,0,1
128,Doxia :: APT Module,org.apache.maven.doxia.module.apt,AptParser.Section1,0,20,0,0,0,7,0,3,0,3
129,Doxia :: APT Module,org.apache.maven.doxia.module.apt,AptParser.Section4,0,20,0,0,0,7,0,3,0,3
130,Doxia :: APT Module,org.apache.maven.doxia.module.apt,AptParser.Section5,0,20,0,0,0,7,0,3,0,3
131,Doxia :: APT Module,org.apache.maven.doxia.module.apt,AptSink,91,1199,22,72,24,311,26,110,5,82
132,Doxia :: APT Module,org.apache.maven.doxia.module.apt,AptParser.ListBreak,5,10,0,0,1,3,1,1,1,1
133,Doxia :: APT Module,org.apache.maven.doxia.module.apt,AptParser.Figure,0,53,1,1,0,13,1,2,0,2
134,Doxia :: APT Module,org.apache.maven.doxia.module.apt,AptParser.Table,14,494,7,59,3,136,7,32,0,4
135,Doxia :: APT Module,org.apache.maven.doxia.module.apt,AptParser.Verbatim,23,126,5,13,3,31,5,6,0,2
136,Doxia :: APT Module,org.apache.maven.doxia.module.apt,AptParser.MacroBlock,32,168,5,9,7,38,5,6,0,4
137,Doxia :: APT Module,org.apache.maven.doxia.module.apt,AptParser.Comment,0,17,0,0,0,5,0,2,0,2
138,Doxia :: APT Module,org.apache.maven.doxia.module.apt,AptUtils,0,131,0,36,0,27,0,24,0,6
139,Doxia :: APT Module,org.apache.maven.doxia.module.apt,AptParser.Section,0,19,0,0,0,7,0,2,0,2
140,Doxia :: APT Module,org.apache.maven.doxia.module.apt,AptParser.new SinkAdapter() {...},12,15,0,0,4,3,2,2,2,2
141,Doxia :: APT Module,org.apache.maven.doxia.module.apt,AptParser.Title,29,123,13,19,8,41,11,10,0,2
142,Doxia :: APT Module,org.apache.maven.doxia.module.apt,AptReaderSource,37,44,2,4,9,14,4,5,2,4
143,Doxia :: APT Module,org.apache.maven.doxia.module.apt,AptParser.PageBreak,0,15,0,0,0,5,0,2,0,2
144,Doxia :: APT Module,org.apache.maven.doxia.module.apt,AptParser.Block,5,176,5,19,1,48,5,16,0,9
145,Doxia :: APT Module,org.apache.maven.doxia.module.apt,AptParser.NumberedListItem,5,57,2,6,1,16,2,6,0,4
146,Doxia :: APT Module,org.apache.maven.doxia.module.apt,AptSinkFactory,8,0,0,0,2,0,2,0,2,0
147,Doxia :: APT Module,org.apache.maven.doxia.module.apt,AptSiteModule,6,0,0,0,2,0,1,0,1,0
148,Doxia :: Core,org.apache.maven.doxia.macro,MacroRequest,4,20,0,0,2,7,1,4,1,4
149,Doxia :: Core,org.apache.maven.doxia.macro,MacroExecutionException,9,0,0,0,4,0,2,0,2,0
150,Doxia :: Core,org.apache.maven.doxia.macro,Macro,0,7,0,0,0,2,0,1,0,1
151,Doxia :: Core,org.apache.maven.doxia.macro,EchoMacro,0,57,0,6,0,10,0,5,0,2
152,Doxia :: Core,org.apache.maven.doxia.macro,SwfMacro,13,306,15,33,4,70,13,13,0,2
153,Doxia :: Core,org.apache.maven.doxia.macro,AbstractMacro,4,66,2,8,2,17,2,8,0,5
154,Doxia :: Core,org.apache.maven.doxia,DefaultDoxia,25,0,0,0,6,0,3,0,3,0
155,Doxia :: Core,org.apache.maven.doxia,Doxia,4,0,0,0,1,0,1,0,1,0
156,Doxia :: Core,org.apache.maven.doxia.module.site,SiteModule,4,0,0,0,1,0,1,0,1,0
157,Doxia :: Core,org.apache.maven.doxia.module.site,AbstractSiteModule,27,0,0,0,10,0,5,0,5,0
158,Doxia :: Core,org.apache.maven.doxia.module.site.manager,DefaultSiteModuleManager,58,0,6,0,12,0,6,0,3,0
159,Doxia :: Core,org.apache.maven.doxia.module.site.manager,SiteModuleNotFoundException,13,0,0,0,6,0,3,0,3,0
160,Doxia :: Core,org.apache.maven.doxia.module.site.manager,SiteModuleManager,4,0,0,0,1,0,1,0,1,0
161,Doxia :: Core,org.apache.maven.doxia.sink,SinkEventAttributeSet,0,514,1,43,0,106,1,47,0,26
162,Doxia :: Core,org.apache.maven.doxia.sink,AbstractSink,7,73,4,10,2,18,4,8,0,5
163,Doxia :: Core,org.apache.maven.doxia.sink,AbstractXmlSink,4,153,1,15,2,43,2,17,1,10
164,Doxia :: Core,org.apache.maven.doxia.sink,AbstractBinarySinkFactory,59,0,6,0,11,0,7,0,4,0
165,Doxia :: Core,org.apache.maven.doxia.sink,RandomAccessSink,639,153,1,5,256,41,122,10,121,8
166,Doxia :: Core,org.apache.maven.doxia.sink,PipelineSink,46,0,2,0,10,0,5,0,4,0
167,Doxia :: Core,org.apache.maven.doxia.sink,XhtmlBaseSink,463,1745,88,161,107,518,104,154,19,113
168,Doxia :: Core,org.apache.maven.doxia.sink,SinkUtils,0,478,2,22,0,64,2,15,0,5
169,Doxia :: Core,org.apache.maven.doxia.sink,AbstractTextSink,3,0,0,0,1,0,1,0,1,0
170,Doxia :: Core,org.apache.maven.doxia.sink,AbstractTextSinkFactory,55,12,6,0,10,2,6,2,3,2
171,Doxia :: Core,org.apache.maven.doxia.sink,SinkAdapter,11,312,5,39,1,195,4,142,0,124
172,Doxia :: Core,org.apache.maven.doxia.sink,AbstractXmlSinkFactory,0,3,0,0,0,1,0,1,0,1
173,Doxia :: Core,org.apache.maven.doxia.parser.manager,ParserManager,4,0,0,0,1,0,1,0,1,0
174,Doxia :: Core,org.apache.maven.doxia.parser.manager,DefaultParserManager,25,0,2,0,5,0,3,0,2,0
175,Doxia :: Core,org.apache.maven.doxia.parser.manager,ParserNotFoundException,13,0,0,0,6,0,3,0,3,0
176,Doxia :: Core,org.apache.maven.doxia.macro.snippet,SnippetReader,2,175,3,23,0,43,3,19,0,9
177,Doxia :: Core,org.apache.maven.doxia.macro.snippet,SnippetMacro,71,255,9,21,13,62,9,18,1,11
178,Doxia :: Core,org.apache.maven.doxia.parser,XhtmlBaseParser,113,2420,37,227,28,587,30,138,3,33
179,Doxia :: Core,org.apache.maven.doxia.parser,AbstractTextParser,5,0,0,0,2,0,2,0,2,0
180,Doxia :: Core,org.apache.maven.doxia.parser,AbstractXmlParser.CachedFileEntityResolver,316,5,20,0,60,1,14,1,4,1
181,Doxia :: Core,org.apache.maven.doxia.parser,ParseException,96,0,4,0,24,0,14,0,12,0
182,Doxia :: Core,org.apache.maven.doxia.parser,AbstractParser,58,53,3,3,17,19,8,8,6,7
183,Doxia :: Core,org.apache.maven.doxia.parser,AbstractXmlParser,184,409,25,53,42,112,28,37,7,19
184,Doxia :: Core,org.apache.maven.doxia.parser,Parser,4,0,0,0,1,0,1,0,1,0
185,Doxia :: Core,org.apache.maven.doxia.macro.manager,MacroNotFoundException,9,4,0,0,4,2,2,1,2,1
186,Doxia :: Core,org.apache.maven.doxia.macro.manager,MacroManager,0,4,0,0,0,1,0,1,0,1
187,Doxia :: Core,org.apache.maven.doxia.macro.manager,DefaultMacroManager,0,25,0,2,0,5,0,3,0,2
188,Doxia :: Core,org.apache.maven.doxia.index,IndexingSink,48,134,2,3,24,46,12,16,10,15
189,Doxia :: Core,org.apache.maven.doxia.index,IndexEntry,83,155,13,13,21,42,12,18,4,13
190,Doxia :: Core,org.apache.maven.doxia.document.io.xpp3,DocumentXpp3Reader,646,2651,111,221,123,543,97,104,16,19
191,Doxia :: Core,org.apache.maven.doxia.document.io.xpp3,DocumentXpp3Writer,74,1302,92,98,15,218,92,16,1,12
192,Doxia :: Core,org.apache.maven.doxia.util,ByLineReaderSource,34,68,5,7,12,23,5,8,2,5
193,Doxia :: Core,org.apache.maven.doxia.util,LineBreaker,171,0,20,0,52,0,20,0,9,0
194,Doxia :: Core,org.apache.maven.doxia.util,DoxiaUtils,48,360,8,86,13,55,7,52,1,11
195,Doxia :: Core,org.apache.maven.doxia.util,HtmlTools,22,809,9,60,5,99,9,41,0,14
196,Doxia :: Core,org.apache.maven.doxia.util,XmlValidator.MessagesErrorHandler,138,0,10,0,40,0,13,0,7,0
197,Doxia :: Core,org.apache.maven.doxia.util,XmlValidator,142,0,12,0,33,0,11,0,5,0
198,Doxia :: Core,org.apache.maven.doxia.macro.toc,TocMacro,34,213,8,22,4,53,8,11,0,4
199,Doxia :: Core,org.apache.maven.doxia.document,DocumentMeta,264,1419,165,119,33,273,139,66,4,59
200,Doxia :: Core,org.apache.maven.doxia.document,DocumentAuthor,131,774,100,62,6,144,82,34,1,34
201,Doxia :: Core,org.apache.maven.doxia.document,DocumentHyperlinkBehaviour,10,77,8,6,2,19,7,6,0,6
202,Doxia :: Core,org.apache.maven.doxia.document,DocumentTOC,31,174,16,14,8,37,17,10,3,9
203,Doxia :: Core,org.apache.maven.doxia.document,DocumentCover,131,651,84,54,16,123,69,32,2,30
204,Doxia :: Core,org.apache.maven.doxia.document,DocumentModel,26,236,25,19,1,50,21,15,0,14
205,Doxia :: Core,org.apache.maven.doxia.document,DocumentTOCItem,48,217,23,19,10,44,24,11,4,10
206,Doxia :: Core,org.apache.maven.doxia.document,DocumentTemplate,30,237,26,20,3,47,22,14,0,13
207,Doxia :: Core,org.apache.maven.doxia.document,DocumentStatistic,18,738,30,30,2,149,30,32,0,32
208,Doxia :: Core,org.apache.maven.doxia.markup,HtmlMarkup.new HTML.Tag() {...},0,5,0,0,0,2,0,2,0,2
209,Doxia :: Core,org.apache.maven.doxia.markup,HtmlMarkup.new HTML.Tag() {...},0,5,0,0,0,2,0,2,0,2
210,Doxia :: Core,org.apache.maven.doxia.markup,HtmlMarkup.new HTML.Tag() {...},0,5,0,0,0,2,0,2,0,2
211,Doxia :: Core,org.apache.maven.doxia.markup,HtmlMarkup.new HTML.Tag() {...},0,5,0,0,0,2,0,2,0,2
212,Doxia :: Core,org.apache.maven.doxia.markup,HtmlMarkup.new HTML.Tag() {...},0,5,0,0,0,2,0,2,0,2
213,Doxia :: Core,org.apache.maven.doxia.markup,HtmlMarkup.new HTML.Tag() {...},0,5,0,0,0,2,0,2,0,2
214,Doxia :: Core,org.apache.maven.doxia.markup,HtmlMarkup.new HTML.Tag() {...},0,5,0,0,0,2,0,2,0,2
215,Doxia :: Core,org.apache.maven.doxia.markup,HtmlMarkup.new HTML.Tag() {...},0,5,0,0,0,2,0,2,0,2
216,Doxia :: Core,org.apache.maven.doxia.markup,HtmlMarkup.new HTML.Tag() {...},0,5,0,0,0,2,0,2,0,2
217,Doxia :: Core,org.apache.maven.doxia.markup,HtmlMarkup,0,219,0,0,0,91,0,1,0,1
218,Doxia :: Core,org.apache.maven.doxia.markup,HtmlMarkup.new HTML.Tag() {...},0,5,0,0,0,2,0,2,0,2
219,Doxia :: Core,org.apache.maven.doxia.markup,HtmlMarkup.new HTML.Tag() {...},0,5,0,0,0,2,0,2,0,2
220,Doxia :: Core,org.apache.maven.doxia.markup,HtmlMarkup.new HTML.Tag() {...},0,5,0,0,0,2,0,2,0,2
221,Doxia :: Core,org.apache.maven.doxia.markup,HtmlMarkup.new HTML.Tag() {...},0,5,0,0,0,2,0,2,0,2
222,Doxia :: Core,org.apache.maven.doxia.markup,HtmlMarkup.new HTML.Tag() {...},0,5,0,0,0,2,0,2,0,2
223,Doxia :: Core,org.apache.maven.doxia.markup,HtmlMarkup.new HTML.Tag() {...},0,5,0,0,0,2,0,2,0,2
224,Doxia :: Core,org.apache.maven.doxia.markup,HtmlMarkup.new HTML.Tag() {...},0,5,0,0,0,2,0,2,0,2
225,Doxia :: Core,org.apache.maven.doxia.markup,HtmlMarkup.new HTML.Tag() {...},0,5,0,0,0,2,0,2,0,2
226,Doxia :: Core,org.apache.maven.doxia.markup,HtmlMarkup.new HTML.Tag() {...},0,5,0,0,0,2,0,2,0,2
227,Doxia :: Core,org.apache.maven.doxia.markup,Markup,0,4,0,0,0,1,0,1,0,1
228,Doxia :: Markdown Module,org.apache.maven.doxia.module.markdown,MarkdownSiteModule,6,0,0,0,2,0,1,0,1,0
229,Doxia :: Markdown Module,org.apache.maven.doxia.module.markdown,MarkdownToDoxiaHtmlSerializer,0,41,0,2,0,10,0,3,0,2
230,Doxia :: Markdown Module,org.apache.maven.doxia.module.markdown,MarkdownParser,46,339,7,33,10,72,6,19,0,5
231,Doxia :: TWiki Module,org.apache.maven.doxia.module.twiki,TWikiSinkFactory,8,0,0,0,2,0,2,0,2,0
232,Doxia :: TWiki Module,org.apache.maven.doxia.module.twiki,TWikiSink,256,695,35,22,101,248,56,108,30,104
233,Doxia :: TWiki Module,org.apache.maven.doxia.module.twiki,TWikiSiteModule,6,0,0,0,2,0,1,0,1,0
234,Doxia :: TWiki Module,org.apache.maven.doxia.module.twiki,TWikiParser,28,293,3,21,3,74,3,14,0,5
235,Doxia :: TWiki Module,org.apache.maven.doxia.module.twiki,TWikiMarkup,0,5,0,0,0,1,0,1,0,1
236,Doxia :: TWiki Module,org.apache.maven.doxia.module.twiki,TWikiMarkup.new HTML.Tag() {...},0,5,0,0,0,2,0,2,0,2
237,Doxia :: TWiki Module,org.apache.maven.doxia.module.twiki.parser,SectionBlockParser,27,130,4,18,4,28,4,15,0,8
238,Doxia :: TWiki Module,org.apache.maven.doxia.module.twiki.parser,TextParser,8,691,5,63,1,125,5,44,0,15
239,Doxia :: TWiki Module,org.apache.maven.doxia.module.twiki.parser,VerbatimBlock,0,11,0,0,0,6,0,3,0,3
240,Doxia :: TWiki Module,org.apache.maven.doxia.module.twiki.parser,HRuleBlockParser,5,53,2,6,1,17,2,6,0,4
241,Doxia :: TWiki Module,org.apache.maven.doxia.module.twiki.parser,GenericListBlockParser.new GenericListBlockParser.Type() {...},0,10,0,0,0,3,0,3,0,3
242,Doxia :: TWiki Module,org.apache.maven.doxia.module.twiki.parser,GenericListBlockParser.new GenericListBlockParser.Type() {...},0,11,0,0,0,3,0,3,0,3
243,Doxia :: TWiki Module,org.apache.maven.doxia.module.twiki.parser,TableCellHeaderBlock,0,10,0,0,0,6,0,3,0,3
244,Doxia :: TWiki Module,org.apache.maven.doxia.module.twiki.parser,UnorderedListBlock,0,10,0,0,0,6,0,3,0,3
245,Doxia :: TWiki Module,org.apache.maven.doxia.module.twiki.parser,GenericListBlockParser.new GenericListBlockParser.Type() {...},0,11,0,0,0,3,0,3,0,3
246,Doxia :: TWiki Module,org.apache.maven.doxia.module.twiki.parser,GenericListBlockParser.new GenericListBlockParser.Type() {...},0,11,0,0,0,3,0,3,0,3
247,Doxia :: TWiki Module,org.apache.maven.doxia.module.twiki.parser,GenericListBlockParser.new GenericListBlockParser.Type() {...},0,11,0,0,0,3,0,3,0,3
248,Doxia :: TWiki Module,org.apache.maven.doxia.module.twiki.parser,GenericListBlockParser.new GenericListBlockParser.Type() {...},0,11,0,0,0,3,0,3,0,3
249,Doxia :: TWiki Module,org.apache.maven.doxia.module.twiki.parser,SectionBlock,79,127,3,5,15,29,3,12,1,10
250,Doxia :: TWiki Module,org.apache.maven.doxia.module.twiki.parser,ListBlock,0,4,0,0,0,2,0,1,0,1
251,Doxia :: TWiki Module,org.apache.maven.doxia.module.twiki.parser,BoldBlock,0,10,0,0,0,6,0,3,0,3
252,Doxia :: TWiki Module,org.apache.maven.doxia.module.twiki.parser,ImageBlock,29,27,3,3,9,10,5,2,2,2
253,Doxia :: TWiki Module,org.apache.maven.doxia.module.twiki.parser,ListItemBlock,12,95,9,15,1,27,8,11,0,7
254,Doxia :: TWiki Module,org.apache.maven.doxia.module.twiki.parser,TableRowBlock,0,10,0,0,0,6,0,3,0,3
255,Doxia :: TWiki Module,org.apache.maven.doxia.module.twiki.parser,ParagraphBlock,0,10,0,0,0,6,0,3,0,3
256,Doxia :: TWiki Module,org.apache.maven.doxia.module.twiki.parser,TextBlock,24,42,1,5,2,15,2,7,1,5
257,Doxia :: TWiki Module,org.apache.maven.doxia.module.twiki.parser,XHTMLBlock,32,18,6,2,10,7,6,2,2,2
258,Doxia :: TWiki Module,org.apache.maven.doxia.module.twiki.parser,WikiWordBlock,5,97,3,11,1,24,3,10,0,6
259,Doxia :: TWiki Module,org.apache.maven.doxia.module.twiki.parser,LinkBlock,13,74,3,9,3,19,4,7,1,4
260,Doxia :: TWiki Module,org.apache.maven.doxia.module.twiki.parser,XHTMLWikiWordLinkResolver,0,14,0,0,0,2,0,2,0,2
261,Doxia :: TWiki Module,org.apache.maven.doxia.module.twiki.parser,NumeratedListBlock,11,32,2,2,2,11,3,4,1,4
262,Doxia :: TWiki Module,org.apache.maven.doxia.module.twiki.parser,FormatedTextParser.new FormatBlockFactory() {...},0,8,0,0,0,2,0,2,0,2
263,Doxia :: TWiki Module,org.apache.maven.doxia.module.twiki.parser,FormatedTextParser.new FormatBlockFactory() {...},0,8,0,0,0,2,0,2,0,2
264,Doxia :: TWiki Module,org.apache.maven.doxia.module.twiki.parser,FormatedTextParser.new FormatBlockFactory() {...},0,8,0,0,0,2,0,2,0,2
265,Doxia :: TWiki Module,org.apache.maven.doxia.module.twiki.parser,ParagraphBlockParser,34,208,8,36,7,56,8,24,0,10
266,Doxia :: TWiki Module,org.apache.maven.doxia.module.twiki.parser,AbstractFatherBlock,14,109,3,17,1,29,3,12,0,5
267,Doxia :: TWiki Module,org.apache.maven.doxia.module.twiki.parser,FormatedTextParser.new FormatBlockFactory() {...},0,16,0,0,0,2,0,2,0,2
268,Doxia :: TWiki Module,org.apache.maven.doxia.module.twiki.parser,FormatedTextParser.new FormatBlockFactory() {...},0,16,0,0,0,2,0,2,0,2
269,Doxia :: TWiki Module,org.apache.maven.doxia.module.twiki.parser,AnchorBlock,8,41,1,5,2,15,2,6,1,4
270,Doxia :: TWiki Module,org.apache.maven.doxia.module.twiki.parser,TableBlockParser,16,138,7,15,2,23,7,9,0,5
271,Doxia :: TWiki Module,org.apache.maven.doxia.module.twiki.parser,HorizontalRuleBlock,0,25,0,6,0,6,0,7,0,4
272,Doxia :: TWiki Module,org.apache.maven.doxia.module.twiki.parser,FormatedTextParser,5,384,4,54,1,67,4,33,0,8
273,Doxia :: TWiki Module,org.apache.maven.doxia.module.twiki.parser,TableBlock,0,40,0,2,0,12,0,5,0,4
274,Doxia :: TWiki Module,org.apache.maven.doxia.module.twiki.parser,TreeListBuilder.TreeComponent,61,70,6,4,12,19,6,8,2,7
275,Doxia :: TWiki Module,org.apache.maven.doxia.module.twiki.parser,TableCellBlock,0,10,0,0,0,6,0,3,0,3
276,Doxia :: TWiki Module,org.apache.maven.doxia.module.twiki.parser,MonospaceBlock,0,10,0,0,0,6,0,3,0,3
277,Doxia :: TWiki Module,org.apache.maven.doxia.module.twiki.parser,ItalicBlock,0,10,0,0,0,6,0,3,0,3
278,Doxia :: TWiki Module,org.apache.maven.doxia.module.twiki.parser,TreeListBuilder,9,172,3,17,2,34,3,12,0,5
279,Doxia :: TWiki Module,org.apache.maven.doxia.module.twiki.parser,VerbatimBlockParser,5,90,2,4,1,17,2,5,0,4
280,Doxia :: TWiki Module,org.apache.maven.doxia.module.twiki.parser,NopBlock,17,4,4,0,3,2,4,2,2,2
281,Doxia :: TWiki Module,org.apache.maven.doxia.module.twiki.parser,GenericListBlockParser,11,200,5,19,1,38,5,12,0,5
,,,,38535,49739,1881,3407,,,,,,
,,,statement,0.563461495,,,,,,,,,
,,,branch,0.644288956,,,,,,,,,
